account_id,account_name,signup_date,seats,is_trial,churn_flag,days_since_signup,n_subscriptions,n_churned_subs,n_upgrades,n_downgrades,n_trial_subs,total_mrr,max_mrr,avg_mrr,auto_renew_pct,tenure_days,latest_mrr,sub_churn_rate,upgrade_net,total_usage_events,unique_features_used,total_usage_duration_mins,total_errors,beta_feature_pct,avg_usage_count,error_rate,feature_breadth,n_tickets,avg_resolution_hours,avg_first_response_mins,avg_satisfaction,n_escalations,urgent_pct,escalation_rate,n_churn_events,had_reactivation,had_preceding_downgrade,had_preceding_upgrade,total_refund_usd,primary_churn_reason_budget,primary_churn_reason_competitor,primary_churn_reason_features,primary_churn_reason_pricing,primary_churn_reason_support,primary_churn_reason_unknown,days_since_last_usage,usage_last_30d,usage_last_90d,recency_ratio,has_active_sub,active_mrr,usage_per_seat,tickets_per_seat,mrr_per_seat,industry_Cybersecurity,industry_DevTools,industry_EdTech,industry_FinTech,industry_HealthTech,country_AU,country_CA,country_DE,country_FR,country_IN,country_UK,country_US,referral_source_ads,referral_source_event,referral_source_organic,referral_source_other,referral_source_partner,plan_tier_Basic,plan_tier_Enterprise,plan_tier_Pro,latest_plan_tier_Basic,latest_plan_tier_Enterprise,latest_plan_tier_Pro,billing_freq_annual,billing_freq_monthly
A-2e4581,Company_0,2024-10-16,9,False,False,278,10,0,1,0,2,12603,5771,1260.3,0.8,274,836,0.0,1,55,27,2539.0,38,0.073,9.73,0.6909,0.675,2.0,23.0,91.0,3.5,0.0,0.5,0.0,2.0,0.0,0.0,1.0,0.0,True,False,False,False,False,False,223,0,0,0.0,1,12603,6.11,0.222,1400.3,False,False,True,False,False,False,False,False,False,False,False,True,False,False,False,False,True,True,False,False,True,False,False,False,True
A-43a9e3,Company_1,2023-08-17,18,False,True,704,8,0,3,0,0,10004,5572,1250.5,0.75,670,882,0.0,3,35,23,1685.6,14,0.057,10.14,0.4,0.575,3.0,38.0,73.3,4.0,0.0,0.667,0.0,0.0,0.0,0.0,0.0,0.0,0,0,0,0,0,0,204,0,0,0.0,1,10004,1.94,0.167,555.8,False,False,False,True,False,False,False,False,False,True,False,False,False,False,False,True,False,True,False,False,False,False,True,False,True
A-0a282f,Company_2,2024-08-27,1,False,False,328,15,3,1,1,1,18286,5771,1219.1,1.0,119,98,0.2,0,83,34,4186.8,48,0.06,9.89,0.5783,0.85,3.0,43.7,63.7,4.67,0.0,0.333,0.0,2.0,0.0,1.0,0.0,62.66,False,False,True,False,False,False,211,0,0,0.0,1,13311,83.0,3.0,18286.0,False,True,False,False,False,False,False,False,False,False,False,True,False,False,True,False,False,True,False,False,False,False,True,True,False
A-1f0ac7,Company_3,2023-08-27,24,True,False,694,7,0,2,0,1,9275,4776,1325.0,0.714,595,1176,0.0,2,41,26,1708.8,21,0.122,9.32,0.5122,0.65,2.0,29.0,174.0,4.0,0.0,0.0,0.0,1.0,0.0,0.0,1.0,0.0,False,False,False,False,True,False,222,0,0,0.0,1,9275,1.71,0.083,386.5,False,False,False,False,True,False,False,False,False,False,True,False,False,False,False,True,False,True,False,False,False,False,True,False,True
A-ce550d,Company_4,2024-10-27,35,False,True,267,9,2,2,0,1,48761,21691,5417.9,0.667,64,21691,0.2222222222222222,2,58,32,3596.3,31,0.069,9.98,0.5345,0.8,7.0,42.3,107.9,3.86,1.0,0.286,0.143,1.0,0.0,0.0,1.0,0.0,True,False,False,False,False,False,210,0,0,0.0,1,25355,1.66,0.2,1393.2,False,False,False,False,True,False,False,False,False,False,False,True,False,True,False,False,False,False,True,False,False,True,False,False,True
A-1b9609,Company_5,2023-10-12,4,False,False,648,11,1,0,0,1,16810,6965,1528.2,0.818,255,0,0.09090909090909091,0,47,28,2342.4,21,0.128,9.72,0.4468,0.7,4.0,43.0,74.8,3.75,0.0,0.25,0.0,3.0,0.0,0.0,1.0,0.0,False,False,False,False,False,True,243,0,0,0.0,1,16614,11.75,1.0,4202.5,False,False,True,False,False,False,False,False,False,True,False,False,True,False,False,False,False,False,True,False,False,True,False,True,False
A-a0ca4e,Company_6,2024-03-08,11,False,False,500,9,0,0,0,1,16633,5174,1848.1,0.889,492,5174,0.0,0,39,26,1949.4,14,0.077,9.56,0.359,0.65,6.0,39.2,89.8,3.83,3.0,0.0,0.5,0.0,0.0,0.0,0.0,0.0,0,0,0,0,0,0,216,0,0,0.0,1,16633,3.55,0.545,1512.1,True,False,False,False,False,False,False,False,False,False,False,True,True,False,False,False,False,False,False,True,False,True,False,False,True
A-e5d6ab,Company_7,2023-04-15,3,False,False,828,10,1,0,0,1,13048,4179,1304.8,0.9,358,1568,0.1,0,41,29,1858.4,23,0.122,9.32,0.561,0.725,3.0,42.7,57.0,4.0,0.0,0.0,0.0,2.0,0.0,0.0,1.0,0.0,False,True,False,False,False,False,231,0,0,0.0,1,12383,13.67,1.0,4349.3,False,False,True,False,False,False,False,False,False,False,False,True,False,False,False,False,True,False,False,True,False,False,True,True,False
A-7dacce,Company_8,2024-09-10,12,False,True,314,10,0,1,0,3,23057,13333,2305.7,0.7,314,0,0.0,1,48,27,2423.8,29,0.104,9.83,0.6042,0.675,4.0,32.5,75.2,3.75,0.0,0.25,0.0,3.0,0.0,0.0,1.0,0.0,True,False,False,False,False,False,204,0,0,0.0,1,23057,4.0,0.333,1921.4,True,False,False,False,False,False,True,False,False,False,False,False,False,True,False,False,False,False,True,False,False,False,True,True,False
A-10b8da,Company_9,2023-05-08,14,False,True,805,6,1,1,0,1,8787,3383,1464.5,0.667,254,1666,0.16666666666666666,1,27,23,1230.3,14,0.074,9.52,0.5185,0.575,3.0,31.3,71.3,3.67,0.0,0.0,0.0,0.0,0.0,0.0,0.0,0.0,0,0,0,0,0,0,210,0,0,0.0,1,5404,1.93,0.214,627.6,False,True,False,False,False,False,False,False,False,False,False,True,False,False,False,False,True,False,True,False,False,False,True,False,True
A-592832,Company_10,2024-09-25,18,False,True,299,19,3,1,1,3,32571,8358,1714.3,0.789,83,882,0.15789473684210525,0,101,38,5438.0,55,0.129,10.43,0.5446,0.95,3.0,32.7,80.7,4.33,0.0,0.0,0.0,1.0,0.0,0.0,0.0,22.66,False,False,False,False,True,False,203,0,0,0.0,1,26833,5.61,0.167,1809.5,True,False,False,False,False,False,False,False,False,False,False,True,False,False,True,False,False,True,False,False,False,False,True,True,False
A-d40bf7,Company_11,2024-11-08,59,False,False,255,10,0,1,0,3,43247,11741,4324.7,0.6,254,1121,0.0,1,55,29,2503.1,22,0.091,10.22,0.4,0.725,2.0,20.5,125.5,5.0,0.0,1.0,0.0,0.0,0.0,0.0,0.0,0.0,0,0,0,0,0,0,242,0,0,0.0,1,43247,0.93,0.034,733.0,False,False,False,True,False,False,False,False,False,True,False,False,False,False,True,False,False,True,False,False,True,False,False,False,True
A-6c093d,Company_12,2023-04-14,7,True,False,829,12,3,2,0,2,16242,12139,1353.5,0.833,551,0,0.25,2,64,30,3621.2,30,0.156,10.47,0.4688,0.75,3.0,40.3,68.3,4.33,1.0,0.0,0.333,0.0,0.0,0.0,0.0,0.0,0,0,0,0,0,0,203,0,0,0.0,1,15556,9.14,0.429,2320.3,False,True,False,False,False,False,False,False,False,False,False,True,False,False,False,False,True,True,False,False,False,True,False,True,False
A-462d45,Company_13,2024-01-15,11,True,False,553,12,2,1,2,2,23432,10348,1952.7,0.833,331,1470,0.16666666666666666,-1,69,34,2659.4,26,0.116,9.3,0.3768,0.85,4.0,26.8,95.0,4.0,0.0,0.25,0.0,1.0,0.0,0.0,0.0,0.0,False,True,False,False,False,False,217,0,0,0.0,1,18752,6.27,0.364,2130.2,True,False,False,False,False,False,False,False,False,False,False,True,False,False,False,False,True,False,True,False,False,False,True,True,False
A-956988,Company_14,2024-11-30,1,False,False,233,13,1,0,1,2,29407,10945,2262.1,0.769,21,6368,0.07692307692307693,-1,70,32,2887.2,49,0.114,9.4,0.7,0.8,2.0,50.5,118.0,3.5,0.0,0.5,0.0,2.0,1.0,1.0,1.0,0.0,True,False,False,False,False,False,209,0,0,0.0,1,29407,70.0,2.0,29407.0,False,False,True,False,False,False,False,False,False,False,True,False,True,False,False,False,False,False,True,False,False,True,False,True,False
A-ac14bb,Company_15,2023-09-08,21,False,False,682,8,2,2,0,1,27746,14129,3468.2,0.875,389,532,0.25,2,54,31,2847.1,42,0.13,9.83,0.7778,0.775,2.0,24.5,30.5,4.0,0.0,0.0,0.0,2.0,0.0,0.0,0.0,128.79,False,True,False,False,False,False,215,0,0,0.0,1,20382,2.57,0.095,1321.2,False,False,False,True,False,False,False,False,False,False,False,True,False,False,False,False,True,False,True,False,True,False,False,True,False
A-463db0,Company_16,2024-12-05,15,False,False,228,7,0,0,0,0,13266,8358,1895.1,0.714,224,735,0.0,0,37,25,1771.0,13,0.081,9.92,0.3514,0.625,6.0,50.2,94.8,4.17,1.0,0.167,0.167,1.0,1.0,0.0,0.0,0.0,False,False,True,False,False,False,206,0,0,0.0,1,13266,2.47,0.4,884.4,False,False,False,False,True,False,False,False,False,False,False,True,False,False,False,False,True,True,False,False,False,False,True,True,False
A-ce66f8,Company_17,2023-08-23,29,False,False,698,6,0,0,0,0,11858,7363,1976.3,1.0,697,1421,0.0,0,46,29,2226.0,19,0.13,10.74,0.413,0.725,6.0,41.7,79.2,3.83,0.0,0.333,0.0,0.0,0.0,0.0,0.0,0.0,0,0,0,0,0,0,202,0,0,0.0,1,11858,1.59,0.207,408.9,False,False,True,False,False,False,True,False,False,False,False,False,False,True,False,False,False,False,False,True,False,False,True,True,False
A-c4ea60,Company_18,2023-03-09,18,False,True,865,9,0,0,1,1,14646,3582,1627.3,0.778,832,3582,0.0,-1,43,28,2287.4,18,0.209,9.93,0.4186,0.7,5.0,36.0,59.0,3.6,0.0,0.2,0.0,0.0,0.0,0.0,0.0,0.0,0,0,0,0,0,0,222,0,0,0.0,1,14646,2.39,0.278,813.7,False,False,False,True,False,False,False,True,False,False,False,False,False,False,False,True,False,False,True,False,False,True,False,False,True
A-832ec2,Company_19,2023-11-19,4,True,False,610,8,0,3,0,2,9299,4378,1162.4,0.375,566,4378,0.0,3,49,31,2628.5,25,0.122,10.43,0.5102,0.775,3.0,26.0,108.7,4.0,1.0,0.0,0.333,2.0,0.0,0.0,1.0,0.0,False,False,False,True,False,False,210,0,0,0.0,1,9299,12.25,0.75,2324.8,False,False,False,True,False,False,False,False,False,False,True,False,False,True,False,False,False,False,True,False,False,True,False,True,False
A-684255,Company_20,2024-04-14,9,False,False,463,14,3,3,1,2,11844,2786,846.0,0.643,256,0,0.21428571428571427,2,66,34,3197.5,44,0.227,9.89,0.6667,0.85,4.0,14.2,97.8,4.5,1.0,0.25,0.25,2.0,1.0,0.0,0.0,0.0,True,False,False,False,False,False,225,0,0,0.0,1,10864,7.33,0.444,1316.0,False,False,False,True,False,False,False,False,False,False,False,True,True,False,False,False,False,False,True,False,True,False,False,True,False
A-c42f1f,Company_21,2024-07-28,8,False,False,358,8,1,1,1,0,5175,2388,646.9,0.75,149,152,0.125,0,35,24,1639.7,20,0.143,9.63,0.5714,0.6,9.0,31.3,81.9,4.0,1.0,0.111,0.111,0.0,0.0,0.0,0.0,0.0,0,0,0,0,0,0,264,0,0,0.0,1,4636,4.38,1.125,646.9,False,False,False,False,True,False,False,False,False,False,False,True,False,False,False,True,False,False,False,True,True,False,False,False,True
A-4e44e8,Company_22,2024-08-20,3,False,True,335,14,2,2,0,3,36445,15522,2603.2,0.786,64,3383,0.14285714285714285,2,69,32,3473.1,37,0.116,9.96,0.5362,0.8,3.0,31.3,76.7,3.33,0.0,0.333,0.0,2.0,1.0,0.0,1.0,35.48,True,False,False,False,False,False,239,0,0,0.0,1,20531,23.0,1.0,12148.3,False,True,False,False,False,False,False,False,False,False,False,True,True,False,False,False,False,False,True,False,False,True,False,True,False
A-30b4ca,Company_23,2024-05-20,86,False,True,427,8,0,0,0,1,75938,17114,9492.2,0.875,423,1634,0.0,0,42,28,2123.9,22,0.238,9.57,0.5238,0.7,3.0,57.7,108.3,4.0,0.0,0.0,0.0,1.0,0.0,0.0,0.0,0.0,False,False,True,False,False,False,211,0,0,0.0,1,75938,0.49,0.035,883.0,False,False,True,False,False,False,False,False,False,True,False,False,False,False,True,False,False,True,False,False,True,False,False,True,False
A-9f2731,Company_24,2024-10-04,1,False,False,290,7,0,0,1,3,3613,1617,516.1,1.0,282,0,0.0,-1,32,23,1635.2,20,0.062,10.12,0.625,0.575,0.0,0.0,0.0,0.0,0.0,0.0,0.0,2.0,0.0,0.0,0.0,136.94,False,False,True,False,False,False,214,0,0,0.0,1,3613,32.0,0.0,3613.0,False,False,False,True,False,False,False,False,False,True,False,False,False,True,False,False,False,False,True,False,False,False,True,True,False
A-32fb14,Company_25,2023-03-07,26,False,True,867,9,2,2,0,1,10162,5174,1129.1,0.778,346,5174,0.2222222222222222,2,47,27,2511.8,19,0.043,10.38,0.4043,0.675,5.0,34.0,59.6,4.2,0.0,0.6,0.0,3.0,0.0,0.0,0.0,0.0,True,False,False,False,False,False,208,0,0,0.0,1,8775,1.81,0.192,390.8,False,True,False,False,False,False,False,False,False,False,False,True,False,True,False,False,False,False,True,False,False,True,False,True,False
A-00cac8,Company_26,2023-09-15,8,True,False,675,9,0,0,1,1,14121,7761,1569.0,0.889,674,931,0.0,-1,58,30,2856.1,31,0.121,10.38,0.5345,0.75,2.0,33.0,120.5,4.0,0.0,1.0,0.0,0.0,0.0,0.0,0.0,0.0,0,0,0,0,0,0,209,0,0,0.0,1,14121,7.25,0.25,1765.1,False,False,False,False,True,True,False,False,False,False,False,False,False,False,True,False,False,False,True,False,False,False,True,True,False
A-35083d,Company_27,2023-04-28,19,False,True,815,16,1,3,0,3,32433,9751,2027.1,0.875,389,9751,0.0625,3,72,29,3950.9,37,0.097,10.99,0.5139,0.725,4.0,49.8,119.0,4.75,0.0,0.0,0.0,0.0,0.0,0.0,0.0,0.0,0,0,0,0,0,0,204,0,0,0.0,1,31502,3.79,0.211,1707.0,False,False,False,False,True,False,False,False,False,True,False,False,False,False,False,False,True,True,False,False,False,True,False,False,True
A-eb7fac,Company_28,2023-10-28,7,False,False,632,10,1,0,0,0,42096,27064,4209.6,0.9,118,494,0.1,0,53,27,3095.5,44,0.113,10.15,0.8302,0.675,4.0,34.0,126.5,4.0,0.0,0.5,0.0,1.0,0.0,0.0,0.0,0.0,False,False,False,False,False,True,214,0,0,0.0,1,41753,7.57,0.571,6013.7,False,True,False,False,False,False,False,False,False,False,False,True,False,False,True,False,False,False,True,False,True,False,False,False,True
A-b20d99,Company_29,2023-09-27,20,False,False,663,7,0,1,0,0,11069,3980,1581.3,0.857,542,3980,0.0,1,33,22,1753.6,12,0.152,9.97,0.3636,0.55,2.0,61.5,27.0,3.5,0.0,0.0,0.0,1.0,0.0,0.0,0.0,0.0,False,False,True,False,False,False,301,0,0,0.0,1,11069,1.65,0.1,553.4,False,False,False,False,True,False,False,False,False,True,False,False,False,False,False,True,False,True,False,False,False,True,False,False,True
A-396e5f,Company_30,2024-10-02,2,False,False,292,10,0,2,1,1,10236,2597,1023.6,0.8,292,1666,0.0,1,55,29,2923.8,23,0.091,9.82,0.4182,0.725,5.0,24.8,102.8,4.0,1.0,0.2,0.2,1.0,0.0,0.0,0.0,0.0,False,False,True,False,False,False,208,0,0,0.0,1,10236,27.5,2.5,5118.0,True,False,False,False,False,False,True,False,False,False,False,False,False,False,False,True,False,False,True,False,False,False,True,False,True
A-45ce7a,Company_31,2023-07-23,16,False,False,729,7,1,2,1,1,8216,3184,1173.7,0.714,276,3184,0.14285714285714285,1,39,21,2083.0,30,0.051,10.87,0.7692,0.525,5.0,45.4,91.8,3.8,0.0,0.0,0.0,0.0,0.0,0.0,0.0,0.0,0,0,0,0,0,0,209,0,0,0.0,1,7432,2.44,0.312,513.5,False,False,False,True,False,False,False,False,False,False,False,True,True,False,False,False,False,False,True,False,False,True,False,False,True
A-08e34e,Company_32,2024-06-27,14,False,True,389,11,0,0,0,2,21821,5970,1983.7,0.636,385,2786,0.0,0,63,34,3115.5,32,0.111,10.33,0.5079,0.85,3.0,43.0,84.0,3.33,0.0,0.0,0.0,2.0,0.0,0.0,0.0,228.75,False,True,False,False,False,False,203,0,0,0.0,1,21821,4.5,0.214,1558.6,False,False,True,False,False,False,False,False,False,False,False,True,False,True,False,False,False,True,False,False,False,True,False,False,True
A-8145a0,Company_33,2023-04-25,2,True,False,818,12,1,2,0,1,17260,4975,1438.3,0.917,307,285,0.08333333333333333,2,64,32,3336.3,27,0.078,10.83,0.4219,0.8,6.0,23.7,90.2,4.0,0.0,0.167,0.0,1.0,0.0,0.0,0.0,0.0,False,False,True,False,False,False,207,0,0,0.0,1,12285,32.0,3.0,8630.0,True,False,False,False,False,True,False,False,False,False,False,False,False,False,False,False,True,True,False,False,True,False,False,False,True
A-bad8c1,Company_34,2023-03-01,7,False,False,873,7,0,2,0,2,7797,2646,1113.9,1.0,770,1813,0.0,2,37,29,2094.6,11,0.162,10.41,0.2973,0.725,1.0,27.0,49.0,4.0,0.0,0.0,0.0,1.0,1.0,0.0,0.0,0.0,False,False,False,False,False,True,209,0,0,0.0,1,7797,5.29,0.143,1113.9,False,False,False,True,False,True,False,False,False,False,False,False,False,False,True,False,False,True,False,False,False,False,True,False,True
A-44dc83,Company_35,2024-05-12,5,False,False,435,4,0,0,0,3,456,456,114.0,1.0,399,0,0.0,0,24,16,1352.0,13,0.125,10.33,0.5417,0.4,7.0,40.9,76.1,4.43,0.0,0.143,0.0,1.0,0.0,1.0,0.0,98.48,False,False,False,False,False,True,285,0,0,0.0,1,456,4.8,1.4,91.2,False,False,True,False,False,False,False,False,True,False,False,False,False,False,False,True,False,True,False,False,False,True,False,True,False
A-f446b6,Company_36,2023-05-12,5,True,False,801,9,1,0,0,0,11392,3582,1265.8,0.778,504,95,0.1111111111111111,0,39,27,2125.2,31,0.077,9.64,0.7949,0.675,8.0,30.8,82.5,4.12,1.0,0.5,0.125,0.0,0.0,0.0,0.0,0.0,0,0,0,0,0,0,219,0,0,0.0,1,8805,7.8,1.6,2278.4,False,True,False,False,False,False,False,True,False,False,False,False,True,False,False,False,False,False,False,True,True,False,False,True,False
A-a45270,Company_37,2024-06-24,3,False,False,392,12,1,2,1,2,20131,4975,1677.6,0.75,171,0,0.08333333333333333,1,71,35,3709.7,53,0.056,10.32,0.7465,0.875,4.0,64.0,110.0,4.0,0.0,0.25,0.0,1.0,0.0,0.0,0.0,0.0,False,False,False,True,False,False,208,0,0,0.0,1,19984,23.67,1.333,6710.3,False,False,False,False,True,False,False,False,False,False,False,True,True,False,False,False,False,False,True,False,True,False,False,True,False
A-854864,Company_38,2024-12-07,20,False,False,226,6,1,0,0,0,14759,4459,2459.8,0.833,21,980,0.16666666666666666,0,24,17,1225.3,10,0.167,10.33,0.4167,0.425,5.0,44.2,100.8,4.8,0.0,0.0,0.0,1.0,0.0,0.0,1.0,8.47,False,False,False,False,True,False,218,0,0,0.0,1,14379,1.2,0.25,738.0,False,False,False,True,False,False,False,False,False,True,False,False,False,True,False,False,False,False,True,False,False,False,True,True,False
A-1b7577,Company_39,2024-10-27,4,False,False,267,11,2,0,1,1,8771,2009,797.4,1.0,39,2009,0.18181818181818182,-1,62,33,3260.0,33,0.065,10.44,0.5323,0.825,5.0,27.2,109.4,4.0,0.0,0.4,0.0,0.0,0.0,0.0,0.0,0.0,0,0,0,0,0,0,213,0,0,0.0,1,8505,15.5,1.25,2192.8,True,False,False,False,False,False,False,False,False,False,False,True,False,False,False,True,False,False,False,True,False,False,True,False,True
A-05f0e5,Company_40,2023-05-04,32,False,False,809,12,0,2,0,0,51109,18308,4259.1,0.833,771,2842,0.0,2,67,32,3451.9,46,0.134,10.54,0.6866,0.8,4.0,20.0,108.5,4.0,0.0,0.0,0.0,2.0,0.0,0.0,1.0,72.19,False,False,True,False,False,False,203,0,0,0.0,1,51109,2.09,0.125,1597.2,False,False,False,True,False,False,False,False,False,False,False,True,False,False,False,False,True,True,False,False,False,False,True,True,False
A-9077b0,Company_41,2024-08-25,2,False,False,330,7,2,3,0,3,3565,2786,509.3,1.0,126,0,0.2857142857142857,3,46,26,2438.4,31,0.109,10.72,0.6739,0.65,3.0,40.3,136.3,4.33,0.0,0.333,0.0,0.0,0.0,0.0,0.0,0.0,0,0,0,0,0,0,245,0,0,0.0,1,779,23.0,1.5,1782.5,False,False,False,False,True,False,False,False,False,False,False,True,True,False,False,False,False,True,False,False,False,False,True,False,True
A-7f8241,Company_42,2023-03-14,34,False,True,860,15,0,2,0,1,39516,7164,2634.4,0.667,847,6766,0.0,2,77,34,3786.4,38,0.065,9.53,0.4935,0.85,1.0,36.0,135.0,3.0,0.0,0.0,0.0,0.0,0.0,0.0,0.0,0.0,0,0,0,0,0,0,212,0,0,0.0,1,39516,2.26,0.029,1162.2,False,False,True,False,False,False,False,False,False,False,False,True,False,False,True,False,False,False,False,True,False,True,False,False,True
A-2bc93d,Company_43,2023-03-14,14,False,False,860,13,1,4,0,1,32394,7960,2491.8,0.846,436,1715,0.07692307692307693,4,67,33,3595.6,31,0.075,9.94,0.4627,0.825,2.0,12.0,78.0,4.5,0.0,0.5,0.0,2.0,1.0,0.0,0.0,99.1,False,True,False,False,False,False,226,0,0,0.0,1,32128,4.79,0.143,2313.9,False,False,False,False,True,False,False,False,False,False,False,True,False,True,False,False,False,True,False,False,False,False,True,False,True
A-f3ff05,Company_44,2024-07-06,2,False,False,380,13,1,1,0,1,19465,9552,1497.3,0.923,31,570,0.07692307692307693,1,66,28,3505.4,36,0.061,10.18,0.5455,0.7,3.0,42.7,111.3,3.67,0.0,0.0,0.0,1.0,0.0,0.0,0.0,0.0,False,False,False,False,False,True,202,0,0,0.0,1,19427,33.0,1.5,9732.5,False,False,False,True,False,False,False,False,False,True,False,False,False,False,False,True,False,False,True,False,True,False,False,False,True
A-2d4502,Company_45,2024-04-29,7,False,False,448,10,0,2,0,1,29071,8159,2907.1,0.7,447,6766,0.0,2,47,29,2133.3,19,0.149,9.89,0.4043,0.725,3.0,26.3,82.0,4.67,0.0,0.667,0.0,1.0,0.0,0.0,1.0,0.0,False,False,False,True,False,False,226,0,0,0.0,1,29071,6.71,0.429,4153.0,False,False,False,True,False,False,False,False,False,True,False,False,False,True,False,False,False,True,False,False,False,True,False,True,False
A-6a4e2d,Company_46,2023-04-07,9,False,False,836,11,3,2,1,1,10394,4378,944.9,0.818,528,686,0.2727272727272727,1,59,27,2879.4,31,0.051,10.12,0.5254,0.675,2.0,18.5,141.0,4.5,1.0,0.0,0.5,1.0,0.0,0.0,0.0,0.0,True,False,False,False,False,False,209,0,0,0.0,1,9537,6.56,0.222,1154.9,False,False,True,False,False,False,False,False,False,False,True,False,False,False,False,False,True,False,False,True,False,False,True,True,False
A-eb7c38,Company_47,2024-02-25,5,False,False,512,15,4,3,1,4,38210,17910,2547.3,0.667,248,627,0.26666666666666666,2,70,33,3399.1,27,0.086,9.9,0.3857,0.825,5.0,22.4,67.4,4.2,0.0,0.4,0.0,1.0,0.0,1.0,0.0,6.26,True,False,False,False,False,False,218,0,0,0.0,1,17144,14.0,1.0,7642.0,False,True,False,False,False,True,False,False,False,False,False,False,False,False,True,False,False,False,True,False,True,False,False,True,False
A-c37601,Company_48,2024-10-31,6,True,False,263,12,2,0,0,3,20475,10746,1706.2,0.833,58,10746,0.16666666666666666,0,48,28,2197.2,21,0.062,10.19,0.4375,0.7,4.0,42.2,83.0,3.75,0.0,0.5,0.0,1.0,0.0,0.0,0.0,0.0,False,False,False,False,True,False,226,0,0,0.0,1,17490,8.0,0.667,3412.5,False,False,True,False,False,False,False,False,False,False,False,True,False,False,False,False,True,True,False,False,False,True,False,False,True
A-3b5cd1,Company_49,2023-09-12,13,True,False,678,13,0,2,1,2,23676,6368,1821.2,0.692,660,6368,0.0,1,52,27,2966.0,24,0.096,10.06,0.4615,0.675,5.0,27.4,46.6,4.0,0.0,0.4,0.0,3.0,0.0,0.0,1.0,113.17,False,False,False,True,False,False,212,0,0,0.0,1,23676,4.0,0.385,1821.2,False,False,False,True,False,False,False,False,False,False,False,True,False,True,False,False,False,True,False,False,False,True,False,True,False
A-b2225d,Company_50,2024-03-08,47,False,True,500,12,0,1,1,5,19088,9353,1590.7,0.75,475,893,0.0,0,73,34,3944.9,60,0.068,9.53,0.8219,0.85,2.0,42.0,38.0,3.5,0.0,0.0,0.0,3.0,1.0,0.0,1.0,0.0,True,False,False,False,False,False,225,0,0,0.0,1,19088,1.55,0.043,406.1,False,False,False,True,False,False,False,False,False,False,False,True,True,False,False,False,False,True,False,False,True,False,False,True,False
A-94f8c9,Company_51,2024-03-29,13,False,False,479,16,1,2,1,3,31989,7164,1999.3,0.875,54,2587,0.0625,1,77,33,3402.1,63,0.091,9.69,0.8182,0.825,3.0,47.3,87.7,4.67,0.0,0.667,0.0,1.0,0.0,0.0,0.0,0.0,True,False,False,False,False,False,230,0,0,0.0,1,31989,5.92,0.231,2460.7,False,False,False,False,True,False,False,False,False,False,False,True,False,False,False,True,False,True,False,False,False,True,False,False,True
A-02fac6,Company_52,2023-04-06,22,False,False,837,11,0,1,0,0,26410,4577,2400.9,0.818,639,1078,0.0,1,53,32,2830.9,34,0.094,9.7,0.6415,0.8,6.0,23.3,100.5,4.0,0.0,0.167,0.0,1.0,0.0,0.0,0.0,0.0,False,False,False,False,True,False,206,0,0,0.0,1,26410,2.41,0.273,1200.5,False,False,False,True,False,False,False,False,False,False,False,True,False,True,False,False,False,False,False,True,False,False,True,False,True
A-c1dfe1,Company_53,2023-08-07,26,False,False,714,8,1,1,2,0,25790,8159,3223.8,0.625,143,494,0.125,-1,39,24,2128.1,30,0.103,9.62,0.7692,0.6,3.0,50.3,93.7,4.0,0.0,0.333,0.0,2.0,0.0,0.0,1.0,0.0,False,False,True,False,False,False,210,0,0,0.0,1,25296,1.5,0.115,991.9,False,True,False,False,False,False,False,True,False,False,False,False,True,False,False,False,False,False,False,True,True,False,False,False,True
A-32728c,Company_54,2023-01-03,20,False,True,930,8,1,1,0,2,4498,980,562.2,1.0,369,798,0.125,1,41,26,1922.1,22,0.146,10.2,0.5366,0.65,2.0,34.5,61.5,3.5,0.0,0.0,0.0,3.0,1.0,0.0,1.0,7.58,True,False,False,False,False,False,219,0,0,0.0,1,4118,2.05,0.1,224.9,False,True,False,False,False,False,False,False,False,False,False,True,False,True,False,False,False,False,False,True,True,False,False,True,False
A-4c38bc,Company_55,2024-03-09,36,False,True,499,16,2,2,0,1,48060,7164,3003.8,0.875,286,1764,0.125,2,81,37,4522.6,27,0.123,10.1,0.3333,0.925,3.0,48.3,43.0,3.67,0.0,0.333,0.0,0.0,0.0,0.0,0.0,0.0,0,0,0,0,0,0,204,0,0,0.0,1,45612,2.25,0.083,1335.0,False,False,False,False,True,False,False,False,False,False,True,False,False,True,False,False,False,True,False,False,False,False,True,True,False
A-1b707d,Company_56,2023-07-14,1,False,False,738,8,1,1,0,1,9332,3781,1166.5,0.625,243,0,0.125,1,38,27,1840.9,12,0.079,10.5,0.3158,0.675,3.0,42.7,75.3,4.0,0.0,0.0,0.0,1.0,1.0,0.0,0.0,0.0,False,True,False,False,False,False,220,0,0,0.0,1,9180,38.0,3.0,9332.0,True,False,False,False,False,False,False,False,False,False,False,True,False,False,True,False,False,False,True,False,True,False,False,True,False
A-6f8ad2,Company_57,2024-07-09,1,False,False,377,17,2,2,1,2,25928,6965,1525.2,0.588,82,779,0.11764705882352941,1,88,38,4358.2,59,0.148,10.5,0.6705,0.95,4.0,35.2,37.2,4.25,0.0,0.25,0.0,0.0,0.0,0.0,0.0,0.0,0,0,0,0,0,0,202,0,0,0.0,1,25046,88.0,4.0,25928.0,False,False,True,False,False,False,False,False,False,True,False,False,False,False,True,False,False,True,False,False,True,False,False,True,False
A-4d1e75,Company_58,2024-08-21,20,False,False,334,13,0,3,1,2,31390,12338,2414.6,0.692,317,0,0.0,2,51,28,2468.4,25,0.098,9.35,0.4902,0.7,2.0,15.0,98.5,4.0,0.0,0.0,0.0,1.0,0.0,0.0,0.0,0.0,True,False,False,False,False,False,218,0,0,0.0,1,31390,2.55,0.1,1569.5,False,True,False,False,False,False,False,False,False,False,False,True,False,False,False,True,False,True,False,False,False,False,True,False,True
A-9ee962,Company_59,2023-02-28,9,False,True,874,9,2,3,1,2,9420,5771,1046.7,0.778,458,171,0.2222222222222222,2,39,25,2003.8,17,0.077,11.26,0.4359,0.625,3.0,37.0,69.7,4.0,0.0,0.0,0.0,1.0,0.0,1.0,0.0,0.0,False,False,False,False,True,False,208,0,0,0.0,1,9249,4.33,0.333,1046.7,False,False,False,False,True,False,False,False,False,False,False,True,True,False,False,False,False,True,False,False,True,False,False,True,False
A-378b99,Company_60,2024-09-01,8,True,False,323,12,1,1,1,2,12116,3184,1009.7,1.0,111,784,0.08333333333333333,0,58,33,3125.4,38,0.086,9.74,0.6552,0.825,6.0,28.5,78.8,4.33,0.0,0.0,0.0,1.0,0.0,0.0,0.0,0.0,False,False,False,True,False,False,202,0,0,0.0,1,10524,7.25,0.75,1514.5,False,False,True,False,False,False,False,False,False,False,True,False,True,False,False,False,False,False,False,True,False,False,True,True,False
A-94d3da,Company_61,2023-05-03,41,False,False,810,12,1,1,0,5,22673,8159,1889.4,0.667,140,779,0.08333333333333333,1,48,29,2500.8,25,0.104,9.67,0.5208,0.725,6.0,26.8,80.5,3.67,0.0,0.5,0.0,1.0,0.0,0.0,0.0,0.0,False,True,False,False,False,False,214,0,0,0.0,1,20664,1.17,0.146,553.0,False,False,False,False,True,False,False,False,False,False,False,True,False,False,False,True,False,True,False,False,True,False,False,False,True
A-e351e1,Company_62,2024-09-26,33,False,False,298,5,1,0,0,1,3498,1617,699.6,0.8,93,627,0.2,0,29,18,1707.5,22,0.103,10.17,0.7586,0.45,4.0,17.0,65.2,3.75,0.0,0.25,0.0,3.0,1.0,1.0,1.0,113.84,True,False,False,False,False,False,219,0,0,0.0,1,2871,0.88,0.121,106.0,False,False,True,False,False,False,False,False,False,False,False,True,False,False,False,True,False,False,True,False,True,False,False,True,False
A-9badbd,Company_63,2024-06-19,5,True,False,397,13,2,0,0,2,32477,11741,2498.2,0.769,184,11741,0.15384615384615385,0,70,33,3673.0,45,0.114,10.41,0.6429,0.825,5.0,30.2,102.6,4.4,0.0,0.4,0.0,0.0,0.0,0.0,0.0,0.0,0,0,0,0,0,0,208,0,0,0.0,1,20299,14.0,1.0,6495.4,True,False,False,False,False,False,False,True,False,False,False,False,True,False,False,False,False,False,True,False,False,True,False,False,True
A-7e0a10,Company_64,2023-11-18,46,False,False,611,10,0,1,0,0,41116,13930,4111.6,0.7,600,13930,0.0,1,50,34,2886.0,35,0.1,10.22,0.7,0.85,5.0,39.4,62.6,4.0,0.0,0.6,0.0,1.0,0.0,0.0,0.0,0.0,True,False,False,False,False,False,219,0,0,0.0,1,41116,1.09,0.109,893.8,False,False,False,True,False,False,False,False,False,False,False,True,True,False,False,False,False,False,True,False,False,True,False,True,False
A-118d55,Company_65,2024-10-22,8,False,False,272,12,1,3,4,0,23919,7164,1993.2,0.75,66,5771,0.08333333333333333,-1,60,29,2802.4,33,0.083,9.98,0.55,0.725,5.0,24.2,56.8,4.2,0.0,0.0,0.0,2.0,0.0,1.0,1.0,0.0,False,False,False,True,False,False,203,0,0,0.0,1,18148,7.5,0.625,2989.9,True,False,False,False,False,False,False,False,False,False,False,True,False,False,True,False,False,True,False,False,False,True,False,False,True
A-526d93,Company_66,2024-04-14,43,False,False,463,9,1,2,0,2,39201,9751,4355.7,0.556,205,8557,0.1111111111111111,2,56,28,2653.6,45,0.089,10.09,0.8036,0.7,5.0,51.4,134.6,3.8,1.0,0.2,0.2,3.0,0.0,0.0,1.0,41.17,False,False,False,False,True,False,211,0,0,0.0,1,30644,1.3,0.116,911.7,False,False,False,False,True,False,False,False,True,False,False,False,False,False,True,False,False,True,False,False,False,True,False,True,False
A-f92792,Company_67,2024-07-04,1,False,False,382,14,0,1,1,3,18807,6965,1343.4,0.571,379,361,0.0,0,53,32,2485.4,31,0.113,9.96,0.5849,0.8,2.0,45.0,82.0,4.0,0.0,0.0,0.0,1.0,1.0,0.0,0.0,0.0,False,False,True,False,False,False,206,0,0,0.0,1,18807,53.0,2.0,18807.0,False,False,False,True,False,False,False,False,False,False,False,True,True,False,False,False,False,False,False,True,True,False,False,True,False
A-84ebe4,Company_68,2023-03-12,18,True,True,862,11,2,0,0,2,27994,8955,2544.9,0.909,546,7164,0.18181818181818182,0,42,27,2060.9,26,0.167,9.43,0.619,0.675,4.0,29.5,135.5,4.0,0.0,0.0,0.0,2.0,0.0,0.0,0.0,0.0,True,False,False,False,False,False,217,0,0,0.0,1,27652,2.33,0.222,1555.2,False,False,False,True,False,False,False,False,False,False,False,True,True,False,False,False,False,False,False,True,False,True,False,False,True
A-5b4ebb,Company_69,2024-07-10,21,True,True,376,13,1,1,0,1,27803,12537,2138.7,0.846,139,1470,0.07692307692307693,1,70,34,3271.7,25,0.086,9.89,0.3571,0.85,5.0,35.4,63.0,4.6,0.0,0.0,0.0,0.0,0.0,0.0,0.0,0.0,0,0,0,0,0,0,208,0,0,0.0,1,27404,3.33,0.238,1324.0,True,False,False,False,False,False,False,False,False,False,True,False,False,False,False,True,False,True,False,False,False,False,True,True,False
A-2922b6,Company_70,2024-11-14,15,False,False,249,6,1,1,0,0,10669,6965,1778.2,0.833,23,980,0.16666666666666666,1,37,27,1954.0,13,0.054,10.62,0.3514,0.675,2.0,15.5,103.0,4.0,0.0,0.5,0.0,1.0,0.0,0.0,0.0,0.0,False,True,False,False,False,False,215,0,0,0.0,1,9934,2.47,0.133,711.3,False,False,False,False,True,False,False,False,False,False,False,True,False,False,True,False,False,True,False,False,False,False,True,True,False
A-9b9fe9,Company_71,2023-09-28,5,False,False,662,12,1,0,1,2,19725,9950,1643.8,0.833,137,9950,0.08333333333333333,-1,58,30,3278.4,22,0.052,10.29,0.3793,0.75,4.0,33.5,156.5,4.0,0.0,0.25,0.0,2.0,0.0,0.0,0.0,27.92,False,False,True,False,False,False,218,0,0,0.0,1,19480,11.6,0.8,3945.0,False,False,True,False,False,True,False,False,False,False,False,False,False,False,False,True,False,True,False,False,False,True,False,False,True
A-a8b49c,Company_72,2023-10-06,7,False,False,654,12,0,1,0,2,11567,4378,963.9,0.917,646,343,0.0,1,54,27,3056.6,43,0.019,10.09,0.7963,0.675,1.0,72.0,105.0,4.0,0.0,0.0,0.0,1.0,0.0,0.0,0.0,0.0,False,False,True,False,False,False,208,0,0,0.0,1,11567,7.71,0.143,1652.4,True,False,False,False,False,False,False,False,False,False,True,False,False,False,False,False,True,True,False,False,False,False,True,True,False
A-9174e0,Company_73,2024-12-04,37,False,False,229,15,1,2,0,2,53976,7363,3598.4,0.8,8,7363,0.06666666666666667,2,69,34,3435.6,61,0.087,9.99,0.8841,0.85,2.0,39.0,167.0,4.5,0.0,0.5,0.0,0.0,0.0,0.0,0.0,0.0,0,0,0,0,0,0,204,0,0,0.0,1,46613,1.86,0.054,1458.8,True,False,False,False,False,False,False,False,False,False,False,True,False,False,False,False,True,True,False,False,False,True,False,True,False
A-a1bbb6,Company_74,2023-04-05,1,False,False,838,8,1,0,0,1,14402,5572,1800.2,0.625,210,0,0.125,0,37,23,1974.4,20,0.189,9.89,0.5405,0.575,3.0,17.7,120.7,4.0,0.0,0.333,0.0,0.0,0.0,0.0,0.0,0.0,0,0,0,0,0,0,203,0,0,0.0,1,14157,37.0,3.0,14402.0,False,True,False,False,False,False,True,False,False,False,False,False,False,False,True,False,False,True,False,False,False,False,True,True,False
A-c45b23,Company_75,2023-12-08,5,False,False,591,12,1,0,0,3,8504,5174,708.7,0.75,352,5174,0.08333333333333333,0,59,32,3017.6,30,0.169,9.85,0.5085,0.8,3.0,36.7,51.7,3.67,0.0,0.333,0.0,1.0,1.0,0.0,0.0,0.0,False,False,False,False,True,False,210,0,0,0.0,1,3330,11.8,0.6,1700.8,False,False,False,True,False,False,False,False,False,False,True,False,False,False,False,False,True,True,False,False,False,True,False,True,False
A-02cd81,Company_76,2024-03-28,44,False,False,480,14,1,0,0,3,32956,8756,2354.0,0.786,128,2156,0.07142857142857142,0,72,31,3655.1,28,0.069,9.5,0.3889,0.775,3.0,17.3,84.7,4.33,1.0,0.333,0.333,1.0,0.0,0.0,0.0,0.0,False,False,False,True,False,False,207,0,0,0.0,1,30800,1.64,0.068,749.0,False,False,False,False,True,False,False,False,False,True,False,False,False,False,False,True,False,True,False,False,False,False,True,True,False
A-ee42db,Company_77,2023-04-25,13,False,False,818,12,0,1,1,4,11567,5635,963.9,0.917,812,570,0.0,0,54,31,2514.6,33,0.111,9.46,0.6111,0.775,4.0,33.8,98.2,3.75,0.0,0.25,0.0,4.0,0.0,1.0,1.0,23.52,False,False,False,True,False,False,207,0,0,0.0,1,11567,4.15,0.308,889.8,False,False,True,False,False,False,False,True,False,False,False,False,True,False,False,False,False,False,True,False,True,False,False,False,True
A-432483,Company_78,2023-02-06,4,False,False,896,9,3,1,0,1,25813,11940,2868.1,0.778,638,1519,0.3333333333333333,1,45,25,2524.3,28,0.089,10.02,0.6222,0.625,1.0,51.0,128.0,4.0,0.0,1.0,0.0,0.0,0.0,0.0,0.0,0.0,0,0,0,0,0,0,221,0,0,0.0,1,22941,11.25,0.25,6453.2,True,False,False,False,False,False,False,False,False,False,False,True,True,False,False,False,False,False,False,True,False,False,True,True,False
A-9208f0,Company_79,2023-05-11,1,False,True,802,8,1,1,0,3,3511,2786,438.9,0.875,324,0,0.125,1,53,29,2645.0,31,0.113,10.15,0.5849,0.725,8.0,41.2,59.8,3.75,1.0,0.125,0.125,4.0,1.0,0.0,1.0,66.37,False,False,True,False,False,False,222,0,0,0.0,1,3413,53.0,8.0,3511.0,False,False,True,False,False,False,False,False,False,False,False,True,False,False,True,False,False,False,False,True,True,False,False,True,False
A-98a59a,Company_80,2023-08-04,56,False,False,717,10,0,2,1,1,36456,11144,3645.6,0.6,688,2744,0.0,1,44,27,2073.8,21,0.182,10.34,0.4773,0.675,3.0,37.3,74.0,4.33,0.0,0.333,0.0,1.0,0.0,0.0,1.0,0.0,False,False,False,False,True,False,202,0,0,0.0,1,36456,0.79,0.054,651.0,False,False,False,True,False,False,False,False,False,False,True,False,False,False,False,False,True,False,True,False,False,False,True,True,False
A-fe79a5,Company_81,2024-02-21,9,True,False,516,10,2,2,0,4,13532,4577,1353.2,0.9,297,1791,0.2,2,33,22,1611.2,17,0.061,10.15,0.5152,0.55,4.0,28.5,61.0,4.5,0.0,0.0,0.0,0.0,0.0,0.0,0.0,0.0,0,0,0,0,0,0,225,0,0,0.0,1,11741,3.67,0.444,1503.6,False,False,False,False,True,False,False,False,False,True,False,False,True,False,False,False,False,True,False,False,False,True,False,True,False
A-726cfa,Company_82,2023-07-01,11,False,False,751,19,2,2,0,2,34782,7562,1830.6,0.842,516,7562,0.10526315789473684,2,98,40,4699.8,45,0.153,10.13,0.4592,1.0,3.0,35.7,128.3,4.0,0.0,0.0,0.0,1.0,0.0,0.0,0.0,122.11,False,False,False,False,True,False,207,0,0,0.0,1,34243,8.91,0.273,3162.0,False,True,False,False,False,False,False,False,False,False,False,True,False,False,False,False,True,False,False,True,False,True,False,False,True
A-c43359,Company_83,2024-11-16,38,False,False,247,8,2,2,1,2,12312,7562,1539.0,1.0,42,722,0.25,1,47,28,2450.8,32,0.106,9.81,0.6809,0.7,3.0,26.7,107.3,4.0,0.0,0.667,0.0,2.0,0.0,0.0,1.0,8.92,False,False,False,False,True,False,204,0,0,0.0,1,10868,1.24,0.079,324.0,False,False,False,True,False,False,False,False,False,False,False,True,False,False,True,False,False,False,False,True,True,False,False,False,True
A-271f46,Company_84,2023-02-09,38,False,True,893,8,0,0,0,2,19604,9154,2450.5,1.0,845,9154,0.0,0,38,25,1909.4,16,0.026,9.82,0.4211,0.625,1.0,36.0,79.0,4.0,0.0,0.0,0.0,2.0,1.0,0.0,0.0,0.0,False,False,True,False,False,False,213,0,0,0.0,1,19604,1.0,0.026,515.9,False,True,False,False,False,False,False,False,False,False,False,True,False,True,False,False,False,False,False,True,False,True,False,False,True
A-157070,Company_85,2023-11-09,16,False,False,620,16,4,2,1,2,27506,6965,1719.1,0.875,380,722,0.25,1,71,37,3115.5,26,0.099,9.8,0.3662,0.925,3.0,42.3,118.0,3.67,1.0,0.333,0.333,2.0,0.0,0.0,0.0,0.0,False,False,True,False,False,False,205,0,0,0.0,1,22395,4.44,0.188,1719.1,False,False,False,True,False,False,False,False,False,False,False,True,True,False,False,False,False,False,False,True,True,False,False,True,False
A-40a557,Company_86,2023-12-03,16,True,False,596,9,1,1,0,1,23324,10945,2591.6,1.0,5,3184,0.1111111111111111,1,39,25,1903.6,17,0.077,10.31,0.4359,0.625,7.0,30.6,94.7,3.86,0.0,0.429,0.0,1.0,0.0,0.0,0.0,0.0,True,False,False,False,False,False,207,0,0,0.0,1,20140,2.44,0.438,1457.8,True,False,False,False,False,True,False,False,False,False,False,False,False,False,False,False,True,False,False,True,False,True,False,False,True
A-66224b,Company_87,2024-10-18,92,True,False,276,12,1,0,0,4,69184,18308,5765.3,0.75,71,0,0.08333333333333333,0,61,34,3087.2,29,0.164,10.26,0.4754,0.85,6.0,39.8,82.5,3.5,0.0,0.333,0.0,0.0,0.0,0.0,0.0,0.0,0,0,0,0,0,0,229,0,0,0.0,1,50876,0.66,0.065,752.0,False,False,False,False,True,False,False,False,False,False,False,True,False,False,False,True,False,False,False,True,False,True,False,True,False
A-91e948,Company_88,2023-01-29,41,False,False,904,7,0,2,0,1,21894,8159,3127.7,1.0,707,8159,0.0,2,40,23,1921.0,16,0.0,10.1,0.4,0.575,0.0,0.0,0.0,0.0,0.0,0.0,0.0,0.0,0.0,0.0,0.0,0.0,0,0,0,0,0,0,207,0,0,0.0,1,21894,0.98,0.0,534.0,False,False,True,False,False,True,False,False,False,False,False,False,False,False,False,False,True,True,False,False,False,True,False,False,True
A-104f1a,Company_89,2024-08-17,24,False,False,338,8,1,0,0,1,12617,6027,1577.1,0.875,87,646,0.125,0,44,28,2615.8,22,0.045,9.95,0.5,0.7,5.0,33.2,50.4,3.8,1.0,0.0,0.2,3.0,0.0,0.0,0.0,0.0,False,False,True,False,False,False,218,0,0,0.0,1,6590,1.83,0.208,525.7,True,False,False,False,False,False,False,False,False,False,False,True,False,False,False,True,False,False,False,True,True,False,False,False,True
A-7988d1,Company_90,2023-12-20,33,False,False,579,9,1,0,0,3,10692,6567,1188.0,0.778,249,0,0.1111111111111111,0,46,31,2304.4,28,0.152,9.76,0.6087,0.775,3.0,35.3,65.3,4.33,0.0,0.667,0.0,3.0,0.0,0.0,0.0,16.89,True,False,False,False,False,False,210,0,0,0.0,1,10065,1.39,0.091,324.0,True,False,False,False,False,False,False,False,False,False,False,True,False,False,False,True,False,True,False,False,True,False,False,False,True
A-faa28c,Company_91,2024-01-30,48,False,False,538,14,2,3,0,3,58404,9552,4171.7,0.786,325,2352,0.14285714285714285,3,59,25,2700.1,24,0.085,9.92,0.4068,0.625,4.0,52.2,115.5,4.5,1.0,0.5,0.25,2.0,0.0,0.0,0.0,0.0,False,False,True,False,False,False,205,0,0,0.0,1,39300,1.23,0.083,1216.8,False,False,False,False,True,False,False,False,False,False,False,True,False,False,True,False,False,False,True,False,False,False,True,False,True
A-f25509,Company_92,2024-03-22,32,False,False,486,5,0,0,1,1,16122,6368,3224.4,0.8,419,1083,0.0,-1,23,17,1226.7,15,0.13,9.96,0.6522,0.425,6.0,42.7,116.0,4.33,0.0,0.333,0.0,3.0,1.0,0.0,0.0,0.0,False,False,True,False,False,False,205,0,0,0.0,1,16122,0.72,0.188,503.8,False,False,True,False,False,False,False,False,False,False,False,True,False,False,False,True,False,False,True,False,True,False,False,True,False
A-3a7284,Company_93,2024-11-17,31,False,False,246,12,3,1,2,1,35519,7761,2959.9,0.917,33,1519,0.25,-1,60,33,3192.7,30,0.15,10.15,0.5,0.825,3.0,56.3,104.3,3.67,0.0,0.667,0.0,1.0,0.0,0.0,0.0,0.0,False,False,False,False,False,True,211,0,0,0.0,1,32515,1.94,0.097,1145.8,False,False,False,True,False,False,False,False,False,False,False,True,False,False,True,False,False,False,True,False,False,False,True,True,False
A-3a5ad8,Company_94,2023-12-05,9,True,False,594,13,0,1,1,4,28701,13930,2207.8,0.846,581,0,0.0,0,52,27,2131.3,23,0.135,9.73,0.4423,0.675,4.0,44.8,53.5,4.25,0.0,0.75,0.0,0.0,0.0,0.0,0.0,0.0,0,0,0,0,0,0,218,0,0,0.0,1,28701,5.78,0.444,3189.0,False,False,False,False,True,False,False,False,False,False,False,True,False,False,True,False,False,False,True,False,False,True,False,True,False
A-65a46c,Company_95,2023-11-04,1,False,False,625,8,1,2,0,1,22675,15522,2834.4,0.875,274,1715,0.125,2,38,24,1920.3,21,0.184,9.74,0.5526,0.6,8.0,45.1,91.1,4.0,0.0,0.75,0.0,0.0,0.0,0.0,0.0,0.0,0,0,0,0,0,0,207,0,0,0.0,1,22675,38.0,8.0,22675.0,False,False,False,False,True,False,False,False,False,False,False,True,False,True,False,False,False,False,False,True,False,False,True,True,False
A-8b25f2,Company_96,2024-02-17,6,False,True,520,13,2,1,2,2,14048,5572,1080.6,1.0,242,2587,0.15384615384615385,-1,54,29,2656.6,20,0.111,10.46,0.3704,0.725,2.0,35.5,50.5,4.0,0.0,0.0,0.0,0.0,0.0,0.0,0.0,0.0,0,0,0,0,0,0,206,0,0,0.0,1,12965,9.0,0.333,2341.3,True,False,False,False,False,False,False,False,False,False,False,True,True,False,False,False,False,False,False,True,False,True,False,False,True
A-fabe19,Company_97,2024-11-11,1,False,False,252,7,2,2,0,2,20497,6368,2928.1,0.429,36,0,0.2857142857142857,2,33,20,1882.8,16,0.03,10.21,0.4848,0.5,3.0,40.7,38.3,4.0,0.0,0.667,0.0,0.0,0.0,0.0,0.0,0.0,0,0,0,0,0,0,208,0,0,0.0,1,9552,33.0,3.0,20497.0,False,True,False,False,False,False,False,False,False,False,True,False,True,False,False,False,False,False,True,False,False,True,False,False,True
A-adc1f3,Company_98,2024-08-05,2,False,False,350,9,1,0,0,1,26608,9950,2956.4,0.778,37,995,0.1111111111111111,0,36,24,2002.2,26,0.139,9.28,0.7222,0.6,3.0,47.3,65.0,3.67,0.0,0.333,0.0,0.0,0.0,0.0,0.0,0.0,0,0,0,0,0,0,211,0,0,0.0,1,16658,18.0,1.5,13304.0,True,False,False,False,False,False,False,False,False,False,False,True,False,False,True,False,False,False,False,True,False,True,False,False,True
A-503d5a,Company_99,2023-10-21,4,False,True,639,12,0,0,1,3,17884,11144,1490.3,0.833,639,11144,0.0,-1,59,34,3526.1,32,0.102,10.25,0.5424,0.85,9.0,36.6,81.8,4.0,0.0,0.111,0.0,0.0,0.0,0.0,0.0,0.0,0,0,0,0,0,0,218,0,0,0.0,1,17884,14.75,2.25,4471.0,False,False,False,True,False,False,False,False,False,False,False,True,False,False,False,True,False,False,True,False,False,True,False,True,False
A-fd7ad3,Company_100,2024-11-01,1,False,False,262,10,2,2,0,3,3831,2388,383.1,0.9,57,551,0.2,2,56,31,2866.0,42,0.161,10.12,0.75,0.775,8.0,48.8,98.1,4.12,1.0,0.25,0.125,4.0,1.0,0.0,1.0,70.03,False,False,False,False,True,False,238,0,0,0.0,1,904,56.0,8.0,3831.0,True,False,False,False,False,False,False,False,False,False,False,True,False,True,False,False,False,False,True,False,True,False,False,False,True
A-186a44,Company_101,2023-08-07,20,False,False,714,14,1,1,1,5,20989,9353,1499.2,0.714,490,380,0.07142857142857142,0,61,30,3425.6,25,0.115,10.07,0.4098,0.75,7.0,38.3,110.4,3.71,0.0,0.143,0.0,0.0,0.0,0.0,0.0,0.0,0,0,0,0,0,0,236,0,0,0.0,1,20609,3.05,0.35,1049.4,False,False,False,False,True,False,False,False,False,False,False,True,True,False,False,False,False,False,True,False,True,False,False,False,True
A-e888d1,Company_102,2023-03-28,14,False,False,846,11,2,1,0,3,13646,3781,1240.5,0.727,597,833,0.18181818181818182,1,52,31,2634.8,36,0.096,10.62,0.6923,0.775,5.0,43.0,104.0,4.0,1.0,0.4,0.2,3.0,0.0,0.0,0.0,6.38,True,False,False,False,False,False,214,0,0,0.0,1,10462,3.71,0.357,974.7,True,False,False,False,False,False,False,False,False,False,False,True,False,False,False,True,False,False,False,True,False,False,True,False,True
A-69fad4,Company_103,2023-04-06,6,False,True,837,7,2,0,0,1,8721,4378,1245.9,0.857,392,0,0.2857142857142857,0,39,24,2077.4,24,0.103,10.56,0.6154,0.6,4.0,43.0,116.8,3.75,0.0,0.25,0.0,1.0,0.0,0.0,0.0,0.0,False,False,False,False,True,False,218,0,0,0.0,1,3678,6.5,0.667,1453.5,False,False,False,True,False,False,False,False,False,False,True,False,True,False,False,False,False,True,False,False,False,False,True,False,True
A-9289f6,Company_104,2023-05-31,1,False,False,782,12,1,2,0,2,13096,3969,1091.3,0.833,5,1225,0.08333333333333333,2,68,33,3339.6,38,0.103,9.44,0.5588,0.825,6.0,37.5,70.0,4.17,0.0,0.0,0.0,1.0,0.0,0.0,0.0,17.93,False,False,False,False,True,False,234,0,0,0.0,1,12868,68.0,6.0,13096.0,False,False,True,False,False,False,False,False,False,False,False,True,False,True,False,False,False,False,True,False,False,False,True,True,False
A-f19409,Company_105,2023-03-16,23,False,True,858,12,1,2,0,1,34136,7960,2844.7,0.833,558,665,0.08333333333333333,2,62,33,3496.9,31,0.194,10.63,0.5,0.825,3.0,6.3,103.3,4.0,0.0,0.333,0.0,2.0,0.0,1.0,0.0,0.0,False,True,False,False,False,False,206,0,0,0.0,1,29559,2.7,0.13,1484.2,False,True,False,False,False,False,False,False,False,False,False,True,False,False,False,True,False,True,False,False,True,False,False,True,False
A-22f2df,Company_106,2024-12-14,3,False,False,219,9,0,1,1,1,7451,2989,827.9,0.778,217,209,0.0,0,42,25,1985.4,17,0.119,10.21,0.4048,0.625,5.0,44.8,71.6,4.2,0.0,0.4,0.0,0.0,0.0,0.0,0.0,0.0,0,0,0,0,0,0,224,0,0,0.0,1,7451,14.0,1.667,2483.7,False,True,False,False,False,False,False,False,False,False,False,True,True,False,False,False,False,True,False,False,True,False,False,True,False
A-039727,Company_107,2024-11-02,25,False,False,261,15,1,3,2,2,36420,5970,2428.0,0.8,53,4975,0.06666666666666667,1,74,33,4159.1,32,0.041,10.38,0.4324,0.825,0.0,0.0,0.0,0.0,0.0,0.0,0.0,1.0,0.0,0.0,0.0,46.49,False,False,False,True,False,False,211,0,0,0.0,1,31445,2.96,0.0,1456.8,False,False,True,False,False,True,False,False,False,False,False,False,False,False,True,False,False,False,False,True,False,True,False,True,False
A-2e3bad,Company_108,2023-08-13,61,False,False,708,10,2,0,0,2,45872,12139,4587.2,0.8,496,1159,0.2,0,45,25,2062.3,26,0.133,9.67,0.5778,0.625,5.0,31.4,107.0,3.8,0.0,0.0,0.0,1.0,0.0,0.0,0.0,0.0,False,False,True,False,False,False,251,0,0,0.0,1,41724,0.74,0.082,752.0,False,False,False,True,False,False,True,False,False,False,False,False,False,False,False,True,False,False,False,True,True,False,False,False,True
A-484819,Company_109,2023-02-21,18,False,False,881,8,2,3,0,0,20604,5174,2575.5,0.875,529,3582,0.25,3,33,22,1934.6,20,0.091,10.18,0.6061,0.55,5.0,33.2,139.6,4.2,0.0,0.4,0.0,2.0,0.0,0.0,1.0,0.0,False,False,False,False,True,False,212,0,0,0.0,1,15088,1.83,0.278,1144.7,False,False,False,False,True,False,False,False,False,False,False,True,False,False,True,False,False,False,False,True,False,True,False,False,True
A-425e76,Company_110,2023-05-17,8,False,True,796,11,1,1,0,0,17111,6368,1555.5,0.909,133,1791,0.09090909090909091,1,48,29,2273.6,24,0.104,9.12,0.5,0.725,5.0,48.2,119.2,3.6,1.0,0.0,0.2,4.0,1.0,0.0,0.0,0.0,False,True,False,False,False,False,212,0,0,0.0,1,10743,6.0,0.625,2138.9,False,True,False,False,False,False,False,False,False,False,True,False,False,False,False,True,False,False,True,False,False,True,False,True,False
A-e83938,Company_111,2023-11-21,2,True,True,608,8,0,2,0,1,7503,3184,937.9,0.75,529,1026,0.0,2,31,22,1454.2,18,0.065,8.58,0.5806,0.55,4.0,31.0,72.5,3.75,0.0,0.0,0.0,3.0,0.0,0.0,0.0,13.5,True,False,False,False,False,False,218,0,0,0.0,1,7503,15.5,2.0,3751.5,False,True,False,False,False,False,False,False,False,False,True,False,False,False,False,True,False,False,False,True,True,False,False,True,False
A-ad296b,Company_112,2024-07-15,38,False,False,371,6,1,0,0,1,18430,7562,3071.7,1.0,120,1862,0.16666666666666666,0,31,24,1730.1,12,0.065,9.48,0.3871,0.6,3.0,28.3,83.3,3.67,1.0,0.667,0.333,0.0,0.0,0.0,0.0,0.0,0,0,0,0,0,0,219,0,0,0.0,1,17708,0.82,0.079,485.0,False,True,False,False,False,True,False,False,False,False,False,False,False,True,False,False,False,False,False,True,False,False,True,True,False
A-e51ec7,Company_113,2023-09-23,2,False,False,667,8,1,2,1,3,24076,16517,3009.5,0.75,339,1990,0.125,1,40,26,2112.4,18,0.1,10.42,0.45,0.65,3.0,37.0,93.3,4.33,0.0,0.0,0.0,3.0,0.0,0.0,0.0,0.0,True,False,False,False,False,False,228,0,0,0.0,1,24076,20.0,1.5,12038.0,False,False,False,True,False,False,True,False,False,False,False,False,False,False,False,False,True,False,True,False,False,True,False,False,True
A-0aaf6e,Company_114,2024-05-11,3,False,False,436,9,1,0,0,2,24084,17512,2676.0,0.667,182,3582,0.1111111111111111,0,57,25,2874.0,39,0.105,10.51,0.6842,0.625,5.0,45.0,75.4,4.0,0.0,0.0,0.0,0.0,0.0,0.0,0.0,0.0,0,0,0,0,0,0,210,0,0,0.0,1,23496,19.0,1.667,8028.0,False,False,False,True,False,False,False,False,False,False,False,True,False,False,True,False,False,False,True,False,False,True,False,False,True
A-e61e98,Company_115,2023-10-20,19,False,True,640,9,0,2,0,1,13484,6766,1498.2,0.778,624,6766,0.0,2,56,32,2199.9,25,0.125,9.41,0.4464,0.8,6.0,30.3,88.5,4.5,1.0,0.167,0.167,1.0,0.0,1.0,0.0,0.0,False,False,True,False,False,False,206,0,0,0.0,1,13484,2.95,0.316,709.7,False,False,False,True,False,False,False,False,False,False,False,True,False,False,False,False,True,False,True,False,False,True,False,True,False
A-92a333,Company_116,2023-03-24,9,False,False,850,6,0,0,1,0,10659,6567,1776.5,1.0,717,171,0.0,-1,36,22,1727.4,30,0.056,10.11,0.8333,0.55,4.0,23.2,58.2,4.0,1.0,0.0,0.25,0.0,0.0,0.0,0.0,0.0,0,0,0,0,0,0,213,0,0,0.0,1,10659,4.0,0.444,1184.3,False,False,False,True,False,False,False,False,False,False,False,True,False,True,False,False,False,False,True,False,True,False,False,False,True
A-95b24a,Company_117,2023-06-06,38,False,True,776,11,0,4,1,2,25034,8557,2275.8,0.636,738,0,0.0,3,62,32,3147.6,34,0.129,9.85,0.5484,0.8,5.0,21.2,90.4,4.2,0.0,0.2,0.0,0.0,0.0,0.0,0.0,0.0,0,0,0,0,0,0,202,0,0,0.0,1,25034,1.63,0.132,658.8,False,False,False,True,False,False,False,False,False,False,False,True,False,True,False,False,False,False,False,True,False,False,True,True,False
A-42e5e1,Company_118,2024-07-09,1,False,True,377,7,1,1,1,2,8916,4378,1273.7,0.857,24,490,0.14285714285714285,0,41,24,1945.1,41,0.049,10.02,1.0,0.6,3.0,29.0,81.3,4.0,0.0,0.0,0.0,1.0,1.0,0.0,0.0,0.0,False,False,False,True,False,False,207,0,0,0.0,1,4936,41.0,3.0,8916.0,False,True,False,False,False,False,False,False,False,False,False,True,True,False,False,False,False,False,False,True,False,False,True,True,False
A-7d514c,Company_119,2024-02-03,17,False,False,534,9,1,2,0,2,24274,8557,2697.1,0.889,273,3383,0.1111111111111111,2,48,30,2445.1,30,0.146,10.46,0.625,0.75,3.0,33.3,49.7,4.33,0.0,0.333,0.0,0.0,0.0,0.0,0.0,0.0,0,0,0,0,0,0,222,0,0,0.0,1,15717,2.82,0.176,1427.9,False,False,False,False,True,False,False,True,False,False,False,False,False,False,True,False,False,False,True,False,False,True,False,False,True
A-65aeb5,Company_120,2024-01-25,9,False,False,543,12,3,0,1,1,34392,12537,2866.0,0.75,305,171,0.25,-1,55,30,2467.2,40,0.055,9.69,0.7273,0.75,2.0,42.5,159.5,4.5,0.0,0.0,0.0,2.0,1.0,0.0,1.0,0.0,True,False,False,False,False,False,222,0,0,0.0,1,19893,6.11,0.222,3821.3,False,True,False,False,False,False,False,False,False,False,False,True,False,False,False,False,True,False,False,True,True,False,False,True,False
A-e2cd1b,Company_121,2024-02-04,15,False,False,533,9,0,1,0,2,12548,3184,1394.2,1.0,515,3184,0.0,1,49,29,2300.7,18,0.143,9.49,0.3673,0.725,5.0,37.8,76.0,4.0,0.0,0.4,0.0,0.0,0.0,0.0,0.0,0.0,0,0,0,0,0,0,208,0,0,0.0,1,12548,3.27,0.333,836.5,False,True,False,False,False,False,False,False,False,False,False,True,False,False,False,True,False,False,True,False,False,True,False,True,False
A-180abf,Company_122,2023-08-14,64,False,True,707,9,2,2,0,2,37312,12736,4145.8,0.778,216,3136,0.2222222222222222,2,48,29,2270.8,28,0.104,10.4,0.5833,0.725,3.0,36.3,62.3,3.67,0.0,0.0,0.0,5.0,0.0,1.0,0.0,0.0,False,False,False,False,True,False,216,0,0,0.0,1,24576,0.75,0.047,583.0,False,True,False,False,False,False,False,False,False,False,False,True,False,True,False,False,False,False,False,True,False,False,True,False,True
A-f17767,Company_123,2023-01-30,1,True,True,903,14,2,3,1,0,16139,7761,1152.8,0.929,347,735,0.14285714285714285,2,69,35,3483.0,38,0.058,10.33,0.5507,0.875,3.0,36.3,115.0,4.0,1.0,0.333,0.333,1.0,0.0,0.0,1.0,0.0,False,False,False,True,False,False,208,0,0,0.0,1,14914,69.0,3.0,16139.0,False,True,False,False,False,False,False,False,False,False,False,True,False,True,False,False,False,False,True,False,False,False,True,True,False
A-5a184f,Company_124,2023-06-19,1,False,True,763,10,1,0,1,1,20683,9154,2068.3,1.0,470,684,0.1,-1,57,30,2927.2,29,0.035,10.3,0.5088,0.75,3.0,15.3,42.3,4.33,0.0,0.0,0.0,3.0,0.0,1.0,0.0,0.0,False,False,False,False,True,False,223,0,0,0.0,1,19999,57.0,3.0,20683.0,False,True,False,False,False,False,False,True,False,False,False,False,False,False,False,True,False,False,True,False,True,False,False,True,False
A-7df7a7,Company_125,2023-01-28,7,False,True,905,15,1,0,2,2,29155,8955,1943.7,0.8,347,5970,0.06666666666666667,-2,91,36,4280.2,47,0.11,10.13,0.5165,0.9,3.0,28.0,93.0,4.0,1.0,0.333,0.333,1.0,0.0,0.0,0.0,0.0,True,False,False,False,False,False,214,0,0,0.0,1,26568,13.0,0.429,4165.0,False,True,False,False,False,False,False,False,False,False,False,True,False,False,True,False,False,True,False,False,False,True,False,True,False
A-1ac5e0,Company_126,2024-10-20,33,False,True,274,10,0,0,0,3,18249,6567,1824.9,0.5,270,0,0.0,0,56,31,2798.4,31,0.125,9.96,0.5536,0.775,7.0,40.4,76.0,3.86,0.0,0.0,0.0,0.0,0.0,0.0,0.0,0.0,0,0,0,0,0,0,222,0,0,0.0,1,18249,1.7,0.212,553.0,False,True,False,False,False,False,False,False,False,False,False,True,False,True,False,False,False,True,False,False,False,True,False,False,True
A-52dd88,Company_127,2023-02-21,23,False,False,881,11,0,1,0,1,16592,5174,1508.4,0.636,848,1470,0.0,1,50,28,3013.7,33,0.08,10.32,0.66,0.7,1.0,72.0,111.0,4.0,0.0,0.0,0.0,0.0,0.0,0.0,0.0,0.0,0,0,0,0,0,0,241,0,0,0.0,1,16592,2.17,0.043,721.4,True,False,False,False,False,False,False,False,False,False,False,True,True,False,False,False,False,False,False,True,False,False,True,True,False
A-bece89,Company_128,2023-12-01,26,False,False,598,6,0,1,0,0,19250,5174,3208.3,0.667,550,1862,0.0,1,19,16,801.9,13,0.105,9.26,0.6842,0.4,4.0,32.5,103.8,4.0,1.0,0.5,0.25,2.0,0.0,0.0,0.0,109.76,True,False,False,False,False,False,205,0,0,0.0,1,19250,0.73,0.154,740.4,True,False,False,False,False,False,False,False,False,True,False,False,False,True,False,False,False,False,False,True,False,False,True,True,False
A-029f69,Company_129,2024-03-07,3,False,False,501,16,3,2,0,2,14638,4776,914.9,0.625,191,646,0.1875,2,84,37,4021.2,42,0.107,9.39,0.5,0.925,2.0,42.0,108.0,3.5,0.0,0.5,0.0,3.0,0.0,0.0,0.0,32.73,False,True,False,False,False,False,202,0,0,0.0,1,13324,28.0,0.667,4879.3,True,False,False,False,False,False,True,False,False,False,False,False,False,True,False,False,False,True,False,False,True,False,False,True,False
A-5c046d,Company_130,2024-07-06,93,False,False,380,8,0,0,0,0,83886,18507,10485.8,0.75,363,18507,0.0,0,46,27,2132.1,23,0.109,10.33,0.5,0.675,1.0,13.0,128.0,3.0,0.0,0.0,0.0,0.0,0.0,0.0,0.0,0.0,0,0,0,0,0,0,216,0,0,0.0,1,83886,0.49,0.011,902.0,False,False,True,False,False,False,False,False,True,False,False,False,False,False,False,False,True,True,False,False,False,True,False,True,False
A-fb186e,Company_131,2024-10-27,29,False,False,267,3,0,0,0,2,5771,5771,1923.7,0.667,247,0,0.0,0,20,15,1202.8,7,0.15,10.35,0.35,0.375,6.0,26.2,81.0,3.83,0.0,0.333,0.0,0.0,0.0,0.0,0.0,0.0,0,0,0,0,0,0,266,0,0,0.0,1,5771,0.69,0.207,199.0,False,False,True,False,False,False,False,False,False,True,False,False,False,False,True,False,False,True,False,False,False,True,False,True,False
A-ae052e,Company_132,2023-09-11,39,False,False,679,6,3,1,1,2,7693,1960,1282.2,1.0,324,0,0.5,0,29,24,1473.0,12,0.207,10.34,0.4138,0.6,4.0,31.2,60.5,4.0,0.0,0.5,0.0,4.0,0.0,0.0,0.0,0.0,True,False,False,False,False,False,232,0,0,0.0,1,3822,0.74,0.103,197.3,False,False,False,True,False,False,True,False,False,False,False,False,False,False,False,True,False,True,False,False,True,False,False,True,False
A-9f9299,Company_133,2023-09-02,28,True,False,688,15,3,0,0,0,42403,5572,2826.9,0.6,403,1372,0.2,0,85,37,4307.8,54,0.118,9.76,0.6353,0.925,5.0,36.2,116.2,4.2,0.0,0.2,0.0,2.0,0.0,0.0,0.0,0.0,False,True,False,False,False,False,207,0,0,0.0,1,34087,3.04,0.179,1514.4,False,False,False,True,False,False,False,False,False,False,False,True,False,False,True,False,False,False,True,False,False,False,True,True,False
A-96e141,Company_134,2023-08-12,14,False,False,709,7,1,0,0,1,15468,4975,2209.7,1.0,308,4975,0.14285714285714285,0,36,26,1359.8,19,0.056,9.61,0.5278,0.65,5.0,32.8,68.4,4.2,0.0,0.2,0.0,2.0,0.0,0.0,0.0,43.53,True,False,False,False,False,False,216,0,0,0.0,1,15183,2.57,0.357,1104.9,False,True,False,False,False,False,False,False,False,False,True,False,False,False,False,False,True,True,False,False,False,True,False,False,True
A-117171,Company_135,2024-09-12,45,False,True,312,5,1,0,1,2,12015,8955,2403.0,1.0,76,2205,0.2,-1,21,15,997.7,11,0.048,9.9,0.5238,0.375,6.0,32.5,68.3,3.83,1.0,0.167,0.167,3.0,0.0,0.0,0.0,102.86,True,False,False,False,False,False,222,0,0,0.0,1,9810,0.47,0.133,267.0,False,False,False,False,True,False,False,False,True,False,False,False,False,False,True,False,False,True,False,False,False,False,True,True,False
A-313be3,Company_136,2023-11-15,47,True,False,614,11,0,1,0,6,19006,9353,1727.8,0.727,604,2303,0.0,1,57,33,2742.4,40,0.053,9.82,0.7018,0.825,4.0,22.5,80.2,4.25,1.0,0.75,0.25,2.0,0.0,0.0,1.0,43.03,False,True,False,False,False,False,214,0,0,0.0,1,19006,1.21,0.085,404.4,False,False,True,False,False,False,False,False,False,False,False,True,False,False,False,False,True,False,True,False,False,False,True,False,True
A-671f31,Company_137,2024-11-24,59,False,False,239,6,0,0,1,1,30385,11741,5064.2,0.833,236,0,0.0,-1,17,13,724.2,16,0.0,9.82,0.9412,0.325,7.0,33.0,78.0,4.14,0.0,0.429,0.0,0.0,0.0,0.0,0.0,0.0,0,0,0,0,0,0,208,0,0,0.0,1,30385,0.29,0.119,515.0,False,True,False,False,False,False,False,False,False,False,False,True,True,False,False,False,False,True,False,False,False,True,False,True,False
A-bbc346,Company_138,2024-08-29,19,False,False,326,13,2,3,2,3,33122,8955,2547.8,0.846,56,0,0.15384615384615385,1,62,34,2989.6,37,0.097,10.48,0.5968,0.85,3.0,45.3,102.7,4.33,0.0,0.333,0.0,2.0,0.0,0.0,1.0,15.46,False,True,False,False,False,False,210,0,0,0.0,1,32142,3.26,0.158,1743.3,False,False,False,True,False,False,False,False,False,False,False,True,False,False,False,False,True,False,True,False,False,False,True,True,False
A-c16101,Company_139,2024-09-06,7,False,False,318,10,0,1,1,0,12422,4378,1242.2,0.9,318,343,0.0,0,55,31,3099.7,29,0.164,10.2,0.5273,0.775,4.0,28.0,82.0,4.25,1.0,0.25,0.25,2.0,1.0,1.0,0.0,0.0,False,False,True,False,False,False,213,0,0,0.0,1,12422,7.86,0.571,1774.6,False,False,True,False,False,False,False,False,False,True,False,False,False,False,False,True,False,True,False,False,False,False,True,False,True
A-50f3f7,Company_140,2023-12-22,31,False,True,577,15,0,0,2,2,44077,8955,2938.5,0.867,563,6169,0.0,-2,72,30,3448.2,45,0.097,9.51,0.625,0.75,6.0,37.8,67.8,4.5,1.0,0.167,0.167,0.0,0.0,0.0,0.0,0.0,0,0,0,0,0,0,205,0,0,0.0,1,44077,2.32,0.194,1421.8,False,False,False,False,True,False,False,False,False,False,False,True,False,False,False,False,True,True,False,False,False,True,False,True,False
A-7da956,Company_141,2024-06-02,13,True,False,414,12,2,1,2,3,10963,2985,913.6,0.917,197,2985,0.16666666666666666,-1,51,28,2507.2,35,0.078,10.65,0.6863,0.7,3.0,32.7,88.0,4.33,0.0,0.333,0.0,0.0,0.0,0.0,0.0,0.0,0,0,0,0,0,0,211,0,0,0.0,1,7930,3.92,0.231,843.3,True,False,False,False,False,False,False,False,False,False,False,True,False,True,False,False,False,False,False,True,False,True,False,False,True
A-019782,Company_142,2023-04-19,11,False,False,824,9,1,1,0,2,8353,3184,928.1,0.667,172,0,0.1111111111111111,1,55,28,2680.8,30,0.055,10.22,0.5455,0.7,2.0,10.0,107.0,3.5,0.0,1.0,0.0,0.0,0.0,0.0,0.0,0.0,0,0,0,0,0,0,213,0,0,0.0,1,5169,5.0,0.182,759.4,False,True,False,False,False,False,False,False,True,False,False,False,False,True,False,False,False,False,True,False,False,True,False,True,False
A-df10db,Company_143,2023-06-06,2,True,False,776,11,1,2,0,1,11730,6567,1066.4,0.818,466,2388,0.09090909090909091,2,64,31,3582.9,40,0.031,10.89,0.625,0.775,2.0,68.5,86.5,3.0,1.0,0.0,0.5,2.0,0.0,0.0,0.0,0.0,False,True,False,False,False,False,209,0,0,0.0,1,11464,32.0,1.0,5865.0,False,True,False,False,False,False,False,False,False,False,False,True,False,False,False,True,False,False,True,False,False,True,False,False,True
A-3932db,Company_144,2023-10-04,19,True,True,656,9,1,2,1,3,14087,6965,1565.2,1.0,244,0,0.1111111111111111,1,46,28,2249.4,28,0.087,9.43,0.6087,0.7,6.0,41.0,86.5,4.17,0.0,0.333,0.0,0.0,0.0,0.0,0.0,0.0,0,0,0,0,0,0,212,0,0,0.0,1,14087,2.42,0.316,741.4,False,False,False,False,True,False,True,False,False,False,False,False,False,False,False,True,False,False,False,True,False,True,False,False,True
A-4f18f0,Company_145,2024-04-21,24,True,False,456,12,3,0,1,2,30264,11741,2522.0,0.75,169,456,0.25,-1,57,33,2800.8,25,0.105,9.54,0.4386,0.825,5.0,39.2,61.4,4.0,0.0,0.2,0.0,2.0,0.0,0.0,1.0,0.0,False,False,True,False,False,False,211,0,0,0.0,1,29333,2.38,0.208,1261.0,False,True,False,False,False,False,True,False,False,False,False,False,False,False,False,True,False,False,False,True,True,False,False,False,True
A-4c6f11,Company_146,2023-11-27,24,True,True,602,5,0,0,1,0,7586,4776,1517.2,0.6,478,456,0.0,-1,24,20,1414.2,4,0.042,11.17,0.1667,0.5,3.0,44.7,63.0,4.33,0.0,0.667,0.0,2.0,0.0,0.0,0.0,0.0,False,True,False,False,False,False,210,0,0,0.0,1,7586,1.0,0.125,316.1,False,False,False,True,False,False,True,False,False,False,False,False,False,False,True,False,False,False,False,True,True,False,False,False,True
A-8ae05d,Company_147,2024-04-06,86,False,False,471,7,1,0,0,2,26230,17114,3747.1,0.714,210,0,0.14285714285714285,0,20,16,1290.8,10,0.05,10.15,0.5,0.4,1.0,47.0,48.0,4.0,0.0,0.0,0.0,1.0,0.0,0.0,0.0,0.0,False,False,False,False,False,True,209,0,0,0.0,1,9116,0.23,0.012,305.0,False,False,False,True,False,False,False,False,False,True,False,False,False,False,False,True,False,False,True,False,False,True,False,False,True
A-b78bf8,Company_148,2024-11-15,33,False,False,248,8,0,1,1,1,22423,9751,2802.9,1.0,246,1617,0.0,0,42,24,2063.4,11,0.167,10.02,0.2619,0.6,5.0,24.2,88.8,4.2,0.0,0.6,0.0,1.0,0.0,0.0,0.0,0.0,False,False,False,False,False,True,227,0,0,0.0,1,22423,1.27,0.152,679.5,False,True,False,False,False,False,False,False,False,False,False,True,False,True,False,False,False,False,False,True,False,False,True,False,True
A-eafc6e,Company_149,2023-07-06,27,False,True,746,7,0,0,0,2,16229,6766,2318.4,0.857,713,0,0.0,0,32,23,1503.6,15,0.094,9.38,0.4688,0.575,1.0,64.0,136.0,4.0,0.0,0.0,0.0,2.0,0.0,0.0,0.0,0.0,False,False,False,True,False,False,233,0,0,0.0,1,16229,1.19,0.037,601.1,False,True,False,False,False,False,False,False,False,False,False,True,False,False,False,False,True,False,False,True,True,False,False,False,True
A-37f969,Company_150,2023-10-14,30,False,False,646,8,0,2,0,0,22959,5970,2869.9,0.75,636,5970,0.0,2,32,25,1797.5,14,0.156,9.75,0.4375,0.625,5.0,22.2,94.0,3.8,1.0,0.2,0.2,4.0,0.0,0.0,1.0,146.86,False,False,False,True,False,False,208,0,0,0.0,1,22959,1.07,0.167,765.3,False,False,False,False,True,False,False,False,False,True,False,False,False,False,False,False,True,False,True,False,False,True,False,True,False
A-10b8f2,Company_151,2023-01-11,47,True,False,922,12,0,1,0,3,30719,9353,2559.9,0.667,897,2352,0.0,1,56,29,2886.4,23,0.179,10.0,0.4107,0.725,3.0,46.3,67.0,4.33,0.0,0.333,0.0,1.0,0.0,0.0,1.0,0.0,False,False,False,False,True,False,207,0,0,0.0,1,30719,1.19,0.064,653.6,False,False,False,False,True,False,False,True,False,False,False,False,False,False,True,False,False,True,False,False,False,False,True,True,False
A-439b2f,Company_152,2024-02-21,1,False,True,516,6,1,1,0,1,1796,1274,299.3,0.833,70,1274,0.16666666666666666,1,20,14,904.5,5,0.1,8.55,0.25,0.35,3.0,18.3,85.3,4.0,0.0,0.667,0.0,2.0,1.0,0.0,0.0,17.06,False,False,True,False,False,False,204,0,0,0.0,1,1796,20.0,3.0,1796.0,False,True,False,False,False,False,False,False,False,False,False,True,True,False,False,False,False,False,True,False,False,False,True,False,True
A-544d0a,Company_153,2024-05-02,2,True,False,445,10,0,1,2,1,18492,12736,1849.2,0.7,423,398,0.0,-1,47,27,2547.1,22,0.149,10.85,0.4681,0.675,2.0,38.5,98.0,4.0,1.0,0.5,0.5,0.0,0.0,0.0,0.0,0.0,0,0,0,0,0,0,215,0,0,0.0,1,18492,23.5,1.0,9246.0,False,True,False,False,False,False,False,False,False,False,False,True,False,False,True,False,False,True,False,False,False,True,False,True,False
A-ba6516,Company_154,2023-10-29,27,False,False,631,13,0,1,3,3,28379,7562,2183.0,0.769,558,5373,0.0,-2,60,31,3559.2,32,0.133,10.7,0.5333,0.775,6.0,31.5,71.0,4.0,0.0,0.167,0.0,1.0,0.0,0.0,0.0,0.0,True,False,False,False,False,False,214,0,0,0.0,1,28379,2.22,0.222,1051.1,False,False,False,True,False,False,False,False,False,False,False,True,True,False,False,False,False,False,False,True,False,True,False,True,False
A-712426,Company_155,2024-11-10,9,False,False,253,15,2,2,0,3,11197,2587,746.5,1.0,46,0,0.13333333333333333,2,70,32,3578.0,31,0.086,9.94,0.4429,0.8,6.0,37.3,79.2,4.33,0.0,0.167,0.0,3.0,1.0,0.0,1.0,0.0,False,False,False,True,False,False,206,0,0,0.0,1,8671,7.78,0.667,1244.1,False,False,False,False,True,False,False,False,False,False,False,True,False,False,False,True,False,False,True,False,False,True,False,True,False
A-038089,Company_156,2023-12-19,5,False,True,580,3,0,0,0,0,2104,1764,701.3,1.0,389,95,0.0,0,20,15,1061.2,15,0.05,10.5,0.75,0.375,6.0,30.2,86.2,3.83,0.0,0.167,0.0,2.0,0.0,0.0,0.0,19.34,False,True,False,False,False,False,235,0,0,0.0,1,2104,4.0,1.2,420.8,False,True,False,False,False,False,False,False,True,False,False,False,False,False,False,True,False,False,False,True,True,False,False,True,False
A-afa505,Company_157,2023-12-27,70,True,False,572,9,1,2,1,2,66010,13930,7334.4,0.556,272,13930,0.1111111111111111,1,51,33,2711.2,28,0.157,9.94,0.549,0.825,4.0,37.2,88.2,3.5,1.0,0.5,0.25,1.0,0.0,0.0,1.0,0.0,False,False,False,False,True,False,203,0,0,0.0,1,62580,0.73,0.057,943.0,False,True,False,False,False,False,False,False,False,False,False,True,False,False,False,False,True,True,False,False,False,True,False,False,True
A-d5a319,Company_158,2023-05-04,15,False,True,809,12,0,3,2,2,37847,13930,3153.9,0.833,755,2985,0.0,1,59,32,3544.2,43,0.085,10.24,0.7288,0.8,1.0,17.0,132.0,4.0,1.0,0.0,1.0,0.0,0.0,0.0,0.0,0.0,0,0,0,0,0,0,213,0,0,0.0,1,37847,3.93,0.067,2523.1,False,False,False,True,False,False,False,False,False,False,False,True,False,False,False,True,False,False,True,False,False,True,False,True,False
A-f97b9a,Company_159,2023-07-09,16,False,False,743,11,0,1,0,4,23833,7164,2166.6,0.727,680,784,0.0,1,56,29,2887.4,33,0.107,10.02,0.5893,0.725,7.0,31.7,69.9,3.86,0.0,0.143,0.0,0.0,0.0,0.0,0.0,0.0,0,0,0,0,0,0,204,0,0,0.0,1,23833,3.5,0.438,1489.6,False,False,False,True,False,False,False,False,False,False,False,True,False,True,False,False,False,False,False,True,False,False,True,True,False
A-2f6a32,Company_160,2024-08-26,19,False,False,329,11,2,1,0,2,7513,1617,683.0,1.0,81,361,0.18181818181818182,1,66,32,3454.7,46,0.091,9.91,0.697,0.8,2.0,41.0,72.0,3.5,0.0,0.0,0.0,0.0,0.0,0.0,0.0,0.0,0,0,0,0,0,0,206,0,0,0.0,1,6221,3.47,0.105,395.4,False,False,False,False,True,False,False,False,False,False,False,True,False,False,True,False,False,True,False,False,True,False,False,True,False
A-856b1e,Company_161,2023-10-31,19,False,False,629,6,0,1,0,1,6321,1764,1053.5,0.833,627,0,0.0,1,23,17,1057.0,24,0.174,10.0,1.0435,0.425,5.0,36.0,79.4,4.0,1.0,0.0,0.2,0.0,0.0,0.0,0.0,0.0,0,0,0,0,0,0,226,0,0,0.0,1,6321,1.21,0.263,332.7,False,False,False,True,False,False,False,False,False,False,False,True,False,False,False,False,True,True,False,False,True,False,False,False,True
A-17939a,Company_162,2024-12-26,1,False,False,207,11,2,0,0,1,9669,2587,879.0,0.818,4,266,0.18181818181818182,0,47,25,2028.8,43,0.106,9.36,0.9149,0.625,7.0,38.0,83.4,4.29,0.0,0.429,0.0,0.0,0.0,0.0,0.0,0.0,0,0,0,0,0,0,229,0,0,0.0,1,8035,47.0,7.0,9669.0,False,False,False,False,True,False,False,False,False,False,False,True,False,False,True,False,False,True,False,False,True,False,False,True,False
A-d27f50,Company_163,2024-07-20,44,False,False,366,12,3,1,0,2,44815,9552,3734.6,0.75,160,836,0.25,1,50,29,2835.0,31,0.08,9.62,0.62,0.725,4.0,37.5,116.5,3.75,0.0,0.25,0.0,0.0,0.0,0.0,0.0,0.0,0,0,0,0,0,0,214,0,0,0.0,1,25671,1.14,0.091,1018.5,True,False,False,False,False,False,False,False,False,False,True,False,True,False,False,False,False,False,True,False,True,False,False,True,False
A-e36807,Company_164,2024-05-17,6,False,False,430,10,1,0,0,2,12569,2786,1256.9,0.8,69,1791,0.1,0,49,27,2347.5,27,0.082,9.1,0.551,0.675,2.0,41.0,152.0,4.5,0.0,0.0,0.0,0.0,0.0,0.0,0.0,0.0,0,0,0,0,0,0,204,0,0,0.0,1,10707,8.17,0.333,2094.8,False,False,True,False,False,True,False,False,False,False,False,False,False,False,False,True,False,False,False,True,False,True,False,False,True
A-ff79f2,Company_165,2024-04-25,8,False,True,452,9,2,2,0,1,27873,16517,3097.0,0.667,216,3781,0.2222222222222222,2,41,24,2230.8,12,0.098,9.59,0.2927,0.6,2.0,50.0,82.5,4.0,0.0,0.0,0.0,0.0,0.0,0.0,0.0,0.0,0,0,0,0,0,0,241,0,0,0.0,1,23408,5.12,0.25,3484.1,False,True,False,False,False,False,False,False,False,False,False,True,True,False,False,False,False,True,False,False,False,True,False,True,False
A-5b1bcd,Company_166,2023-09-16,73,False,False,674,15,1,3,0,1,133298,14527,8886.5,0.867,406,3577,0.06666666666666667,3,86,34,4188.1,54,0.07,10.1,0.6279,0.85,4.0,43.2,92.5,4.25,0.0,0.75,0.0,1.0,0.0,0.0,0.0,4.45,False,True,False,False,False,False,202,0,0,0.0,1,131911,1.18,0.055,1826.0,False,True,False,False,False,False,False,False,False,False,False,True,False,False,True,False,False,False,False,True,False,False,True,True,False
A-71615e,Company_167,2024-05-18,15,False,False,429,13,0,3,0,2,40713,11940,3131.8,0.769,389,735,0.0,3,62,29,3246.6,41,0.065,10.0,0.6613,0.725,1.0,49.0,77.0,4.0,0.0,0.0,0.0,1.0,0.0,0.0,1.0,0.0,False,False,False,True,False,False,211,0,0,0.0,1,40713,4.13,0.067,2714.2,False,False,True,False,False,False,False,False,False,False,False,True,False,False,True,False,False,True,False,False,False,False,True,True,False
A-794a0b,Company_168,2023-06-02,23,False,False,780,7,0,0,0,2,10575,6169,1510.7,0.714,714,6169,0.0,0,38,28,1570.0,31,0.026,9.13,0.8158,0.7,0.0,0.0,0.0,0.0,0.0,0.0,0.0,1.0,0.0,1.0,0.0,0.0,True,False,False,False,False,False,213,0,0,0.0,1,10575,1.65,0.0,459.8,False,False,False,False,True,False,False,True,False,False,False,False,False,False,True,False,False,True,False,False,False,True,False,False,True
A-86902e,Company_169,2023-05-02,34,False,False,811,10,1,2,0,2,36041,12139,3604.1,0.9,379,6766,0.1,2,63,32,3372.2,36,0.095,9.97,0.5714,0.8,9.0,40.9,71.4,3.78,0.0,0.333,0.0,1.0,0.0,0.0,0.0,0.0,False,False,True,False,False,False,221,0,0,0.0,1,36041,1.85,0.265,1060.0,False,False,False,False,True,False,False,False,False,True,False,False,False,False,False,True,False,False,True,False,False,True,False,True,False
A-0532a9,Company_170,2024-09-25,19,False,False,299,10,0,4,1,0,15161,5373,1516.1,0.5,298,931,0.0,3,54,30,2629.9,30,0.13,9.61,0.5556,0.75,8.0,30.8,73.4,3.88,0.0,0.0,0.0,1.0,0.0,0.0,0.0,2.4,False,False,False,True,False,False,208,0,0,0.0,1,15161,2.84,0.421,797.9,False,False,False,True,False,False,False,False,False,True,False,False,False,True,False,False,False,False,False,True,False,False,True,True,False
A-9779ad,Company_171,2024-03-29,40,True,True,479,10,0,0,0,2,51680,7960,5168.0,0.5,470,7960,0.0,0,43,29,1818.0,25,0.07,9.6,0.5814,0.725,3.0,20.7,116.3,4.33,0.0,0.333,0.0,3.0,0.0,0.0,1.0,0.0,False,True,False,False,False,False,213,0,0,0.0,1,51680,1.08,0.075,1292.0,True,False,False,False,False,True,False,False,False,False,False,False,False,True,False,False,False,False,False,True,False,True,False,False,True
A-f45426,Company_172,2024-08-05,9,False,False,350,11,2,0,3,3,17289,9154,1571.7,0.727,90,441,0.18181818181818182,-3,61,33,3194.2,49,0.082,10.23,0.8033,0.825,3.0,17.0,69.0,4.0,0.0,0.667,0.0,2.0,0.0,0.0,0.0,47.17,False,True,False,False,False,False,207,0,0,0.0,1,14959,6.78,0.333,1921.0,False,False,False,False,True,False,False,False,False,False,False,True,False,False,True,False,False,True,False,False,False,False,True,False,True
A-c1e51e,Company_173,2024-10-02,3,False,False,292,10,3,1,1,0,23905,10945,2390.5,1.0,72,779,0.3,0,50,28,2537.1,36,0.14,10.36,0.72,0.7,5.0,40.0,75.6,3.2,0.0,0.8,0.0,2.0,0.0,0.0,0.0,0.0,False,False,False,True,False,False,208,0,0,0.0,1,18772,16.67,1.667,7968.3,False,False,False,True,False,False,False,False,False,False,False,True,False,False,True,False,False,True,False,False,True,False,False,True,False
A-fa3095,Company_174,2023-09-03,70,False,False,687,12,0,0,0,1,69230,13930,5769.2,1.0,672,1330,0.0,0,59,31,3368.3,42,0.085,10.17,0.7119,0.775,5.0,49.2,84.0,4.4,0.0,0.2,0.0,1.0,0.0,0.0,0.0,0.0,False,False,False,False,True,False,218,0,0,0.0,1,69230,0.84,0.071,989.0,False,False,False,True,False,False,False,False,False,False,False,True,True,False,False,False,False,True,False,False,True,False,False,True,False
A-ad64c6,Company_175,2024-02-23,12,False,False,514,6,1,0,0,1,14708,5572,2451.3,0.667,249,5572,0.16666666666666666,0,20,16,1326.8,18,0.1,10.75,0.9,0.4,4.0,34.0,98.5,4.25,0.0,0.0,0.0,2.0,0.0,0.0,1.0,19.08,False,False,False,False,True,False,252,0,0,0.0,1,14120,1.67,0.333,1225.7,False,True,False,False,False,False,False,False,False,False,True,False,False,True,False,False,False,False,False,True,False,True,False,True,False
A-39b19f,Company_176,2023-02-03,1,False,False,899,11,2,1,1,2,21237,8159,1930.6,0.727,433,247,0.18181818181818182,0,55,30,2251.0,37,0.091,9.64,0.6727,0.75,6.0,47.8,87.5,4.17,1.0,0.0,0.167,1.0,0.0,0.0,0.0,0.0,False,False,False,False,False,True,280,0,0,0.0,1,11902,55.0,6.0,21237.0,False,False,False,True,False,False,False,False,False,False,False,True,False,False,False,False,True,False,True,False,True,False,False,False,True
A-56962b,Company_177,2024-04-09,163,False,False,468,7,1,1,0,2,54605,32437,7800.7,0.857,225,32437,0.14285714285714285,1,29,16,1365.7,25,0.138,9.34,0.8621,0.4,4.0,37.5,105.5,3.75,0.0,0.0,0.0,2.0,0.0,0.0,1.0,45.83,False,False,False,True,False,False,243,0,0,0.0,1,54605,0.18,0.025,335.0,False,False,True,False,False,False,False,False,False,False,True,False,False,False,False,False,True,False,True,False,False,True,False,False,True
A-e60f9d,Company_178,2024-08-26,29,False,False,329,15,2,0,2,3,50817,11542,3387.8,0.933,102,722,0.13333333333333333,-2,62,30,2643.1,24,0.081,10.15,0.3871,0.75,2.0,70.5,106.5,4.0,0.0,1.0,0.0,0.0,0.0,0.0,0.0,0.0,0,0,0,0,0,0,265,0,0,0.0,1,50095,2.14,0.069,1752.3,False,False,False,True,False,False,False,False,False,False,False,True,False,False,False,True,False,True,False,False,True,False,False,True,False
A-88c6ca,Company_179,2024-10-25,5,False,True,269,7,0,0,0,1,6449,2401,921.3,1.0,262,1127,0.0,0,43,27,2169.9,19,0.186,10.37,0.4419,0.675,1.0,56.0,12.0,4.0,0.0,1.0,0.0,0.0,0.0,0.0,0.0,0.0,0,0,0,0,0,0,206,0,0,0.0,1,6449,8.6,0.2,1289.8,False,False,False,True,False,False,False,True,False,False,False,False,True,False,False,False,False,True,False,False,False,False,True,True,False
A-158f4e,Company_180,2023-03-03,61,False,False,871,12,1,0,0,1,43859,12139,3654.9,0.833,348,12139,0.08333333333333333,0,49,32,2074.3,29,0.061,9.24,0.5918,0.8,5.0,27.6,126.0,4.2,0.0,0.2,0.0,2.0,0.0,0.0,0.0,0.0,True,False,False,False,False,False,241,0,0,0.0,1,42700,0.8,0.082,719.0,False,False,False,True,False,False,False,False,False,True,False,False,False,False,False,True,False,False,True,False,False,True,False,False,True
A-5b051a,Company_181,2024-08-05,22,False,False,350,4,1,0,0,0,2332,1078,583.0,1.0,97,1078,0.25,0,16,14,747.7,17,0.188,10.69,1.0625,0.35,1.0,2.0,2.0,3.0,0.0,1.0,0.0,0.0,0.0,0.0,0.0,0.0,0,0,0,0,0,0,226,0,0,0.0,1,1914,0.73,0.045,106.0,True,False,False,False,False,False,False,False,False,False,False,True,False,True,False,False,False,False,True,False,False,False,True,False,True
A-296d7c,Company_182,2023-11-08,2,False,False,621,7,0,0,0,1,1989,784,284.1,0.714,538,294,0.0,0,33,21,2079.2,18,0.212,10.82,0.5455,0.525,5.0,50.4,105.2,3.8,0.0,0.4,0.0,1.0,0.0,0.0,0.0,0.0,True,False,False,False,False,False,237,0,0,0.0,1,1989,16.5,2.5,994.5,False,True,False,False,False,False,False,True,False,False,False,False,False,False,False,True,False,False,True,False,False,False,True,True,False
A-1619f8,Company_183,2024-05-20,29,False,False,427,7,0,1,0,1,19790,10945,2827.1,0.714,407,551,0.0,1,42,27,2379.8,26,0.048,10.29,0.619,0.675,3.0,42.0,81.0,4.33,0.0,0.333,0.0,3.0,0.0,0.0,1.0,0.0,False,True,False,False,False,False,226,0,0,0.0,1,19790,1.45,0.103,682.4,False,True,False,False,False,False,False,False,False,False,False,True,False,False,True,False,False,False,False,True,True,False,False,False,True
A-a1b80b,Company_184,2023-11-27,16,False,False,602,16,1,3,1,2,34589,10348,2161.8,0.75,146,0,0.0625,2,72,33,3710.2,48,0.069,10.4,0.6667,0.825,4.0,41.0,72.5,4.0,0.0,0.25,0.0,1.0,1.0,0.0,0.0,12.99,True,False,False,False,False,False,206,0,0,0.0,1,34589,4.5,0.25,2161.8,False,False,False,False,True,False,False,False,False,False,False,True,False,False,True,False,False,True,False,False,False,False,True,True,False
A-139c3b,Company_185,2024-11-21,10,True,True,242,8,2,1,0,1,9027,3582,1128.4,0.75,35,0,0.25,1,44,27,2510.0,16,0.159,10.86,0.3636,0.675,9.0,28.4,66.1,4.22,0.0,0.333,0.0,0.0,0.0,0.0,0.0,0.0,0,0,0,0,0,0,204,0,0,0.0,1,6822,4.4,0.9,902.7,False,False,False,False,True,False,False,False,False,False,False,True,False,False,True,False,False,False,True,False,True,False,False,True,False
A-702032,Company_186,2023-10-03,28,False,False,657,6,2,1,0,1,8540,5572,1423.3,0.833,241,1372,0.3333333333333333,1,26,19,1529.6,15,0.038,10.96,0.5769,0.475,4.0,26.0,98.2,3.5,0.0,0.0,0.0,2.0,0.0,0.0,0.0,10.5,False,True,False,False,False,False,231,0,0,0.0,1,7168,0.93,0.143,305.0,False,False,False,False,True,False,False,False,False,False,False,True,True,False,False,False,False,False,False,True,False,False,True,True,False
A-7a0d69,Company_187,2024-06-15,4,True,True,401,11,0,2,0,3,10362,5174,942.0,0.909,365,3184,0.0,2,61,31,2986.1,31,0.082,9.93,0.5082,0.775,2.0,29.0,52.5,4.5,0.0,0.5,0.0,3.0,0.0,1.0,1.0,28.95,True,False,False,False,False,False,210,0,0,0.0,1,10362,15.25,0.5,2590.5,False,True,False,False,False,False,False,True,False,False,False,False,True,False,False,False,False,False,True,False,False,True,False,False,True
A-22d9d2,Company_188,2024-03-22,8,False,False,486,14,3,2,1,1,18746,4508,1339.0,0.786,268,1568,0.21428571428571427,1,75,35,3994.6,43,0.08,10.43,0.5733,0.875,6.0,16.0,88.0,4.0,1.0,0.5,0.167,1.0,0.0,0.0,0.0,0.0,False,False,False,True,False,False,213,0,0,0.0,1,14336,9.38,0.75,2343.2,False,True,False,False,False,False,False,False,True,False,False,False,False,True,False,False,False,False,False,True,False,False,True,False,True
A-b9eed8,Company_189,2024-02-23,11,False,False,514,11,0,0,3,0,16577,6766,1507.0,0.818,492,342,0.0,-3,61,29,2807.9,55,0.148,10.21,0.9016,0.725,5.0,29.2,103.8,3.8,1.0,0.2,0.2,1.0,1.0,0.0,1.0,0.0,False,False,False,True,False,False,203,0,0,0.0,1,16577,5.55,0.455,1507.0,True,False,False,False,False,False,False,False,False,False,False,True,False,False,True,False,False,True,False,False,True,False,False,False,True
A-dfbd31,Company_190,2023-12-04,14,False,False,595,14,0,1,1,3,25079,12338,1791.4,0.786,589,266,0.0,0,54,27,3037.9,19,0.13,11.09,0.3519,0.675,6.0,29.7,129.8,4.17,0.0,0.0,0.0,2.0,0.0,0.0,1.0,0.0,False,False,True,False,False,False,219,0,0,0.0,1,25079,3.86,0.429,1791.4,False,True,False,False,False,False,False,False,False,False,True,False,False,False,False,False,True,False,True,False,True,False,False,False,True
A-8e47ca,Company_191,2024-02-15,19,False,False,522,9,1,1,0,0,28120,6169,3124.4,0.778,286,4975,0.1111111111111111,1,46,29,2225.0,35,0.043,9.59,0.7609,0.725,5.0,33.4,80.6,4.0,1.0,0.0,0.2,3.0,0.0,0.0,0.0,0.0,False,True,False,False,False,False,229,0,0,0.0,1,23145,2.42,0.263,1480.0,False,False,False,False,True,False,False,False,False,False,False,True,False,False,True,False,False,False,False,True,False,True,False,False,True
A-4437e4,Company_192,2023-09-16,3,False,False,674,16,1,4,1,3,17831,3184,1114.4,0.938,305,171,0.0625,3,83,37,4337.8,43,0.096,9.71,0.5181,0.925,6.0,34.7,125.3,3.67,2.0,0.167,0.333,1.0,0.0,0.0,0.0,0.0,False,False,True,False,False,False,223,0,0,0.0,1,17831,27.67,2.0,5943.7,True,False,False,False,False,False,False,False,False,False,False,True,False,True,False,False,False,False,True,False,True,False,False,True,False
A-779e4e,Company_193,2023-01-02,5,False,False,931,10,2,2,1,0,28081,11542,2808.1,0.9,659,1862,0.2,1,44,28,1850.6,20,0.136,8.93,0.4545,0.7,5.0,26.6,91.6,4.0,0.0,0.8,0.0,0.0,0.0,0.0,0.0,0.0,0,0,0,0,0,0,213,0,0,0.0,1,19986,8.8,1.0,5616.2,False,False,False,False,True,False,False,False,False,False,False,True,False,False,True,False,False,True,False,False,True,False,False,True,False
A-53f4e3,Company_194,2024-06-14,13,False,False,402,10,1,0,0,0,15072,4557,1507.2,0.8,153,1421,0.1,0,44,29,2125.5,45,0.023,9.32,1.0227,0.725,5.0,28.6,99.0,4.0,0.0,0.6,0.0,1.0,1.0,1.0,0.0,0.0,False,True,False,False,False,False,213,0,0,0.0,1,11092,3.38,0.385,1159.4,True,False,False,False,False,False,False,False,False,False,True,False,False,True,False,False,False,False,True,False,False,False,True,False,True
A-692f18,Company_195,2024-03-28,5,True,True,480,17,1,2,1,3,30550,7363,1797.1,0.706,263,5572,0.058823529411764705,1,87,36,4365.2,55,0.103,10.01,0.6322,0.9,2.0,37.5,120.0,4.5,0.0,0.0,0.0,1.0,0.0,0.0,1.0,0.0,False,False,False,False,True,False,210,0,0,0.0,1,24978,17.4,0.4,6110.0,False,False,True,False,False,False,False,False,False,False,False,True,False,False,False,True,False,True,False,False,False,True,False,True,False
A-13466a,Company_196,2023-10-22,2,False,True,638,6,4,0,0,1,13343,7960,2223.8,0.833,409,171,0.6666666666666666,0,22,17,959.0,14,0.091,9.32,0.6364,0.425,3.0,32.3,94.3,4.33,1.0,0.0,0.333,2.0,1.0,1.0,0.0,6.51,False,False,False,True,False,False,214,0,0,0.0,1,171,11.0,1.5,6671.5,False,True,False,False,False,True,False,False,False,False,False,False,False,True,False,False,False,True,False,False,True,False,False,True,False
A-1986ca,Company_197,2023-01-30,20,False,False,903,7,0,1,0,1,27661,6169,3951.6,0.571,746,3980,0.0,1,37,26,1706.4,23,0.135,9.78,0.6216,0.65,7.0,36.6,106.6,3.57,0.0,0.429,0.0,0.0,0.0,0.0,0.0,0.0,0,0,0,0,0,0,240,0,0,0.0,1,27661,1.85,0.35,1383.0,False,False,False,False,True,False,False,False,False,True,False,False,True,False,False,False,False,False,False,True,False,True,False,False,True
A-0cc442,Company_198,2024-07-18,45,False,False,368,13,2,3,1,2,61935,10547,4764.2,0.692,93,8955,0.15384615384615385,2,77,34,3846.0,41,0.091,9.94,0.5325,0.85,3.0,37.0,47.3,3.67,0.0,0.333,0.0,4.0,1.0,0.0,1.0,59.52,True,False,False,False,False,False,213,0,0,0.0,1,60092,1.71,0.067,1376.3,False,False,True,False,False,False,False,False,False,False,False,True,False,False,True,False,False,True,False,False,False,True,False,True,False
A-c608c8,Company_199,2023-04-27,3,False,True,816,8,1,1,1,0,9514,2842,1189.2,0.75,365,1029,0.125,0,43,29,2405.8,27,0.116,10.35,0.6279,0.725,2.0,59.0,66.0,3.5,0.0,0.0,0.0,1.0,0.0,0.0,0.0,0.0,False,False,False,False,True,False,202,0,0,0.0,1,7325,14.33,0.667,3171.3,False,True,False,False,False,False,False,True,False,False,False,False,True,False,False,False,False,False,False,True,False,False,True,True,False
A-3be56b,Company_200,2023-10-26,3,False,True,634,12,2,1,1,3,17040,5970,1420.0,0.75,104,380,0.16666666666666666,0,55,28,2831.8,33,0.145,9.6,0.6,0.7,4.0,40.2,74.0,3.5,0.0,0.0,0.0,2.0,0.0,0.0,1.0,0.0,False,True,False,False,False,False,204,0,0,0.0,1,15325,18.33,1.333,5680.0,False,False,False,False,True,False,False,False,False,True,False,False,False,True,False,False,False,False,False,True,True,False,False,True,False
A-354f12,Company_201,2024-04-28,1,True,False,449,4,0,0,1,0,8889,6766,2222.2,1.0,419,133,0.0,-1,15,14,808.5,3,0.067,10.53,0.2,0.35,2.0,56.5,137.5,4.0,0.0,0.0,0.0,1.0,0.0,1.0,0.0,0.0,False,True,False,False,False,False,217,0,0,0.0,1,8889,15.0,2.0,8889.0,False,False,False,True,False,False,False,False,False,False,False,True,True,False,False,False,False,False,False,True,True,False,False,False,True
A-68f37c,Company_202,2023-07-15,4,False,False,737,12,2,3,0,2,32270,24079,2689.2,0.917,334,796,0.16666666666666666,3,65,30,3379.3,40,0.092,9.6,0.6154,0.75,5.0,20.2,119.8,4.0,0.0,0.2,0.0,4.0,1.0,0.0,1.0,0.0,False,True,False,False,False,False,217,0,0,0.0,1,31474,16.25,1.25,8067.5,False,False,False,False,True,False,False,False,False,False,False,True,True,False,False,False,False,True,False,False,False,True,False,False,True
A-aa9511,Company_203,2023-10-10,23,True,False,650,15,2,0,1,3,60970,19303,4064.7,0.867,399,5970,0.13333333333333333,-1,65,33,3158.8,35,0.077,9.62,0.5385,0.825,2.0,56.5,98.5,4.0,0.0,0.5,0.0,1.0,0.0,0.0,0.0,0.0,False,True,False,False,False,False,202,0,0,0.0,1,55995,2.83,0.087,2650.9,False,True,False,False,False,False,False,False,False,False,False,True,False,False,False,True,False,False,False,True,False,True,False,False,True
A-af0cd2,Company_204,2023-01-03,19,True,False,930,11,2,1,0,2,6460,1083,587.3,0.818,702,1083,0.18181818181818182,1,70,31,3756.1,33,0.114,9.81,0.4714,0.775,3.0,54.3,149.3,4.0,0.0,0.333,0.0,1.0,0.0,1.0,0.0,0.0,False,False,False,False,False,True,214,0,0,0.0,1,5529,3.68,0.158,340.0,True,False,False,False,False,False,False,False,False,True,False,False,False,False,False,True,False,False,True,False,True,False,False,True,False
A-bd4513,Company_205,2024-11-06,50,True,False,257,12,2,2,0,0,52204,9950,4350.3,0.833,40,950,0.16666666666666666,2,51,28,2625.8,34,0.078,9.94,0.6667,0.7,3.0,42.0,58.7,4.67,0.0,0.0,0.0,2.0,0.0,1.0,0.0,35.14,True,False,False,False,False,False,204,0,0,0.0,1,48804,1.02,0.06,1044.1,False,True,False,False,False,True,False,False,False,False,False,False,False,True,False,False,False,False,True,False,True,False,False,True,False
A-c222ab,Company_206,2024-05-10,32,False,True,437,7,1,1,0,0,18656,6368,2665.1,0.857,97,1568,0.14285714285714285,1,45,27,2224.0,33,0.133,9.67,0.7333,0.675,4.0,39.0,94.5,4.25,0.0,0.5,0.0,3.0,0.0,0.0,1.0,32.14,True,False,False,False,False,False,204,0,0,0.0,1,18048,1.41,0.125,583.0,True,False,False,False,False,False,False,False,False,False,False,True,False,False,False,True,False,False,False,True,False,False,True,False,True
A-34d880,Company_207,2024-04-11,4,False,False,466,9,1,0,0,2,20964,10547,2329.3,0.667,153,995,0.1111111111111111,0,47,29,2407.1,40,0.064,10.09,0.8511,0.725,5.0,52.2,90.8,3.0,0.0,0.2,0.0,1.0,0.0,0.0,0.0,10.4,False,False,False,False,False,True,220,0,0,0.0,1,20185,11.75,1.25,5241.0,True,False,False,False,False,True,False,False,False,False,False,False,True,False,False,False,False,False,True,False,False,True,False,False,True
A-508199,Company_208,2024-01-28,19,False,False,540,5,0,0,0,1,8436,3781,1687.2,0.6,538,0,0.0,0,24,16,1339.8,15,0.083,9.62,0.625,0.4,3.0,50.7,67.3,3.67,0.0,0.333,0.0,0.0,0.0,0.0,0.0,0.0,0,0,0,0,0,0,240,0,0,0.0,1,8436,1.26,0.158,444.0,False,False,False,True,False,True,False,False,False,False,False,False,False,True,False,False,False,True,False,False,False,True,False,False,True
A-f03140,Company_209,2023-11-22,27,True,False,607,10,0,1,1,1,21075,5373,2107.5,0.8,588,0,0.0,0,57,32,3282.8,22,0.07,10.44,0.386,0.8,7.0,36.0,113.1,3.86,0.0,0.286,0.0,1.0,0.0,0.0,0.0,0.0,False,True,False,False,False,False,203,0,0,0.0,1,21075,2.11,0.259,780.6,False,True,False,False,False,False,False,False,False,True,False,False,False,True,False,False,False,False,False,True,False,False,True,True,False
A-410e86,Company_210,2024-11-10,24,False,False,253,7,2,0,0,2,15960,4776,2280.0,0.429,39,4776,0.2857142857142857,0,30,22,1790.7,21,0.1,9.73,0.7,0.55,5.0,42.6,110.0,3.8,0.0,0.0,0.0,0.0,0.0,0.0,0.0,0.0,0,0,0,0,0,0,206,0,0,0.0,1,11184,1.25,0.208,665.0,False,False,False,True,False,False,False,False,False,False,False,True,False,False,True,False,False,True,False,False,False,True,False,False,True
A-fa2041,Company_211,2024-05-29,15,True,False,418,12,0,0,0,3,20915,3582,1742.9,0.917,405,0,0.0,0,61,34,2621.0,34,0.098,9.05,0.5574,0.85,1.0,16.0,99.0,3.0,0.0,0.0,0.0,1.0,0.0,0.0,0.0,0.0,False,True,False,False,False,False,207,0,0,0.0,1,20915,4.07,0.067,1394.3,False,False,False,False,True,False,False,False,False,False,False,True,False,False,True,False,False,False,False,True,False,False,True,True,False
A-de58ca,Company_212,2023-04-13,15,False,False,830,11,2,0,0,2,23905,12338,2173.2,0.545,564,7164,0.18181818181818182,0,49,28,2365.7,33,0.143,10.31,0.6735,0.7,5.0,30.6,115.0,3.6,0.0,0.0,0.0,0.0,0.0,0.0,0.0,0.0,0,0,0,0,0,0,212,0,0,0.0,1,22277,3.27,0.333,1593.7,False,False,False,False,True,False,False,True,False,False,False,False,False,False,True,False,False,False,True,False,False,True,False,True,False
A-05d3b3,Company_213,2023-05-28,9,True,False,785,13,1,0,0,3,12610,3781,970.0,0.769,397,3781,0.07692307692307693,0,64,32,3222.7,22,0.062,10.03,0.3438,0.8,6.0,31.5,48.3,4.17,0.0,0.333,0.0,2.0,0.0,0.0,0.0,0.0,False,False,False,False,False,True,215,0,0,0.0,1,12154,7.11,0.667,1401.1,False,True,False,False,False,True,False,False,False,False,False,False,True,False,False,False,False,True,False,False,False,True,False,True,False
A-249769,Company_214,2024-04-25,4,False,True,452,13,0,0,0,1,15717,11144,1209.0,1.0,408,133,0.0,0,68,31,3229.6,30,0.044,9.97,0.4412,0.775,2.0,39.5,96.5,4.0,0.0,0.0,0.0,2.0,1.0,0.0,0.0,0.0,True,False,False,False,False,False,203,0,0,0.0,1,15717,17.0,0.5,3929.2,True,False,False,False,False,False,False,False,False,False,False,True,False,True,False,False,False,False,True,False,True,False,False,True,False
A-e43bf7,Company_215,2023-03-24,44,False,False,850,7,0,3,0,0,46666,13930,6666.6,0.857,792,8756,0.0,3,40,26,1724.2,35,0.05,9.28,0.875,0.65,5.0,27.4,80.0,4.0,1.0,0.4,0.2,1.0,0.0,0.0,0.0,0.0,False,False,False,True,False,False,225,0,0,0.0,1,46666,0.91,0.114,1060.6,True,False,False,False,False,True,False,False,False,False,False,False,False,False,False,True,False,False,False,True,False,True,False,True,False
A-eb2fdc,Company_216,2023-11-21,31,False,True,608,12,1,0,0,0,31968,9353,2664.0,0.833,214,589,0.08333333333333333,0,54,29,2911.0,17,0.056,10.13,0.3148,0.725,5.0,33.6,37.6,4.4,0.0,0.0,0.0,1.0,0.0,0.0,0.0,0.0,False,True,False,False,False,False,234,0,0,0.0,1,30351,1.74,0.161,1031.2,False,True,False,False,False,True,False,False,False,False,False,False,False,False,True,False,False,False,True,False,True,False,False,True,False
A-e1462e,Company_217,2023-03-12,15,False,False,862,7,0,1,1,2,12030,5771,1718.6,0.714,840,285,0.0,0,35,26,1635.0,22,0.114,9.91,0.6286,0.65,2.0,39.5,118.5,3.5,0.0,0.5,0.0,2.0,1.0,0.0,0.0,0.0,False,True,False,False,False,False,253,0,0,0.0,1,12030,2.33,0.133,802.0,False,False,False,True,False,False,False,False,False,False,True,False,False,False,False,False,True,True,False,False,True,False,False,True,False
A-cab532,Company_218,2023-04-03,11,True,False,840,15,1,2,1,2,20088,4975,1339.2,0.933,603,1715,0.06666666666666667,1,101,38,4560.6,47,0.069,9.95,0.4653,0.95,1.0,32.0,175.0,4.0,0.0,0.0,0.0,1.0,0.0,0.0,1.0,0.0,False,False,False,False,True,False,203,0,0,0.0,1,18569,9.18,0.091,1826.2,False,True,False,False,False,False,False,False,True,False,False,False,False,False,True,False,False,False,False,True,False,False,True,True,False
A-9123ac,Company_219,2023-06-20,9,False,False,762,7,0,0,1,1,14751,8358,2107.3,1.0,635,3582,0.0,-1,37,28,2000.2,24,0.108,10.43,0.6486,0.7,6.0,38.8,91.7,4.17,0.0,0.333,0.0,2.0,1.0,0.0,1.0,0.0,False,True,False,False,False,False,214,0,0,0.0,1,14751,4.11,0.667,1639.0,True,False,False,False,False,False,False,True,False,False,False,False,False,False,True,False,False,False,False,True,False,True,False,True,False
A-6e08f3,Company_220,2023-02-27,8,False,False,875,10,0,1,1,2,18190,5572,1819.0,0.7,727,247,0.0,0,50,28,2484.6,21,0.14,9.84,0.42,0.7,2.0,36.5,137.0,3.5,0.0,0.5,0.0,1.0,1.0,0.0,0.0,0.0,False,True,False,False,False,False,205,0,0,0.0,1,18190,6.25,0.25,2273.8,True,False,False,False,False,False,False,False,False,False,False,True,False,True,False,False,False,True,False,False,True,False,False,True,False
A-d922bf,Company_221,2023-09-08,5,True,True,682,7,1,0,0,3,17114,6368,2444.9,1.0,358,1791,0.14285714285714285,0,41,24,2235.3,19,0.073,10.22,0.4634,0.6,7.0,39.1,101.1,3.71,1.0,0.0,0.143,1.0,0.0,1.0,0.0,11.13,False,False,False,False,True,False,212,0,0,0.0,1,14129,8.2,1.4,3422.8,False,False,False,False,True,False,False,False,False,False,False,True,True,False,False,False,False,True,False,False,False,True,False,True,False
A-8ed5dd,Company_222,2023-06-29,5,False,True,753,12,1,3,1,0,11956,5970,996.3,0.917,427,285,0.08333333333333333,2,55,29,2887.0,45,0.036,9.91,0.8182,0.725,6.0,29.0,96.8,3.83,0.0,0.167,0.0,2.0,0.0,1.0,1.0,0.0,False,False,False,False,True,False,214,0,0,0.0,1,11861,11.0,1.2,2391.2,False,False,True,False,False,False,False,False,False,False,True,False,False,True,False,False,False,False,True,False,True,False,False,False,True
A-7c6b6b,Company_223,2024-11-30,6,False,False,233,7,2,0,0,0,4818,1372,688.3,0.857,20,1127,0.2857142857142857,0,35,22,1374.5,24,0.143,8.89,0.6857,0.55,5.0,52.2,82.4,4.2,0.0,0.0,0.0,1.0,0.0,0.0,0.0,0.0,True,False,False,False,False,False,226,0,0,0.0,1,3250,5.83,0.833,803.0,False,False,False,True,False,False,False,False,False,False,False,True,False,False,False,True,False,True,False,False,False,False,True,False,True
A-3c1a3f,Company_224,2023-08-26,1,False,False,695,12,2,0,1,3,14909,5771,1242.4,0.833,452,133,0.16666666666666666,-1,51,31,2872.4,22,0.098,9.75,0.4314,0.775,4.0,33.2,56.5,3.75,0.0,0.0,0.0,0.0,0.0,0.0,0.0,0.0,0,0,0,0,0,0,213,0,0,0.0,1,11192,51.0,4.0,14909.0,False,True,False,False,False,False,False,False,False,False,True,False,False,True,False,False,False,False,False,True,True,False,False,True,False
A-b48f73,Company_225,2024-11-13,80,True,False,250,7,0,0,0,1,28320,15920,4045.7,0.571,248,3920,0.0,0,44,24,1973.6,23,0.068,9.36,0.5227,0.6,3.0,28.7,35.3,4.0,0.0,0.0,0.0,0.0,0.0,0.0,0.0,0.0,0,0,0,0,0,0,238,0,0,0.0,1,28320,0.55,0.038,354.0,False,False,True,False,False,True,False,False,False,False,False,False,False,True,False,False,False,False,False,True,False,False,True,True,False
A-76fa4d,Company_226,2024-11-24,69,False,False,239,7,2,0,0,1,61686,13731,8812.3,0.857,35,3381,0.2857142857142857,0,36,21,2104.2,21,0.111,9.92,0.5833,0.525,5.0,33.4,111.8,4.4,0.0,0.2,0.0,2.0,0.0,0.0,0.0,33.04,False,False,False,True,False,False,230,0,0,0.0,1,47955,0.52,0.072,894.0,False,False,False,False,True,False,False,False,False,False,False,True,False,True,False,False,False,False,False,True,False,False,True,False,True
A-b2af2e,Company_227,2024-08-24,5,False,False,331,4,0,0,1,0,3112,1026,778.0,0.25,329,1026,0.0,-1,18,14,1003.6,11,0.222,9.67,0.6111,0.35,2.0,39.5,95.0,4.0,0.0,0.0,0.0,1.0,0.0,0.0,0.0,0.0,False,False,False,True,False,False,252,0,0,0.0,1,3112,3.6,0.4,622.4,True,False,False,False,False,False,False,False,False,False,True,False,False,True,False,False,False,False,True,False,True,False,False,True,False
A-9bfc9f,Company_228,2023-09-14,53,False,False,676,9,1,3,2,2,15342,2940,1704.7,0.889,107,2940,0.1111111111111111,1,37,23,1831.0,18,0.108,10.16,0.4865,0.575,6.0,35.3,84.3,3.67,1.0,0.167,0.167,0.0,0.0,0.0,0.0,0.0,0,0,0,0,0,0,225,0,0,0.0,1,12745,0.7,0.113,289.5,False,True,False,False,False,False,True,False,False,False,False,False,True,False,False,False,False,False,False,True,False,False,True,False,True
A-4ae22a,Company_229,2024-05-09,6,False,True,438,7,1,0,0,0,9432,5572,1347.4,0.857,139,532,0.14285714285714285,0,35,24,2373.1,31,0.171,10.54,0.8857,0.6,3.0,14.3,72.7,3.67,0.0,0.333,0.0,1.0,0.0,0.0,0.0,0.0,False,False,False,True,False,False,205,0,0,0.0,1,3860,5.83,0.5,1572.0,False,False,True,False,False,False,False,False,False,False,False,True,False,False,False,True,False,False,False,True,True,False,False,True,False
A-fda07f,Company_230,2024-08-11,7,False,False,344,12,0,4,1,2,28418,13731,2368.2,0.833,331,266,0.0,3,65,31,3856.3,39,0.062,10.48,0.6,0.775,5.0,17.8,57.0,4.0,0.0,0.2,0.0,1.0,0.0,0.0,0.0,17.34,False,False,False,False,True,False,202,0,0,0.0,1,28418,9.29,0.714,4059.7,True,False,False,False,False,False,False,False,True,False,False,False,False,False,False,False,True,True,False,False,True,False,False,False,True
A-de24d5,Company_231,2024-11-05,5,True,False,258,13,1,0,0,2,21327,7363,1640.5,0.923,45,245,0.07692307692307693,0,53,29,2337.8,28,0.113,10.13,0.5283,0.725,7.0,43.1,103.4,3.71,0.0,0.143,0.0,0.0,0.0,0.0,0.0,0.0,0,0,0,0,0,0,241,0,0,0.0,1,17554,10.6,1.4,4265.4,False,True,False,False,False,False,False,False,False,False,False,True,False,False,False,True,False,False,True,False,False,False,True,False,True
A-977ca0,Company_232,2023-02-20,6,False,True,882,16,2,1,0,4,30055,18109,1878.4,0.812,643,686,0.125,1,85,38,4047.7,46,0.153,10.51,0.5412,0.95,3.0,64.0,123.0,4.0,0.0,0.333,0.0,0.0,0.0,0.0,0.0,0.0,0,0,0,0,0,0,209,0,0,0.0,1,29255,14.17,0.5,5009.2,False,False,False,False,True,False,False,False,False,True,False,False,False,False,False,False,True,True,False,False,False,False,True,True,False
A-ab438f,Company_233,2024-09-13,13,False,True,311,8,3,1,0,3,16358,5970,2044.8,0.75,74,0,0.375,1,36,25,1857.5,12,0.083,10.25,0.3333,0.625,2.0,33.5,112.5,3.5,0.0,1.0,0.0,1.0,0.0,1.0,1.0,0.0,True,False,False,False,False,False,208,0,0,0.0,1,11144,2.77,0.154,1258.3,True,False,False,False,False,False,False,False,False,False,False,True,True,False,False,False,False,False,True,False,False,False,True,False,True
A-e89151,Company_234,2023-09-14,8,True,True,676,9,2,3,0,0,21734,8756,2414.9,0.778,328,8756,0.2222222222222222,3,58,30,3146.4,29,0.224,10.36,0.5,0.75,2.0,41.5,48.5,4.5,0.0,0.0,0.0,0.0,0.0,0.0,0.0,0.0,0,0,0,0,0,0,203,0,0,0.0,1,19762,7.25,0.25,2716.8,False,False,False,True,False,False,False,False,False,False,True,False,False,False,True,False,False,False,False,True,False,True,False,True,False
A-40906c,Company_235,2024-03-27,92,False,False,481,12,0,0,0,2,64400,18308,5366.7,0.833,419,4508,0.0,0,63,32,3504.0,32,0.111,10.87,0.5079,0.8,5.0,29.2,95.0,3.8,0.0,0.2,0.0,0.0,0.0,0.0,0.0,0.0,0,0,0,0,0,0,230,0,0,0.0,1,64400,0.68,0.054,700.0,False,False,True,False,False,False,False,False,False,False,False,True,True,False,False,False,False,True,False,False,False,False,True,True,False
A-81edc3,Company_236,2023-10-30,5,False,False,630,12,0,2,0,1,17524,8756,1460.3,0.667,622,995,0.0,2,74,33,4084.7,41,0.149,10.34,0.5541,0.825,3.0,52.7,70.0,4.0,0.0,0.0,0.0,3.0,0.0,0.0,0.0,10.91,False,False,False,True,False,False,204,0,0,0.0,1,17524,14.8,0.6,3504.8,True,False,False,False,False,False,False,False,False,True,False,False,True,False,False,False,False,True,False,False,False,True,False,True,False
A-328bd0,Company_237,2023-05-16,18,False,False,797,13,2,1,1,1,15979,3582,1229.2,0.769,231,882,0.15384615384615385,0,61,30,2703.5,49,0.082,9.31,0.8033,0.75,5.0,46.0,68.2,3.8,0.0,0.0,0.0,0.0,0.0,0.0,0.0,0.0,0,0,0,0,0,0,209,0,0,0.0,1,13726,3.39,0.278,887.7,False,False,False,False,True,True,False,False,False,False,False,False,False,False,False,False,True,False,True,False,False,False,True,True,False
A-b3fe05,Company_238,2024-05-28,8,False,False,419,9,1,0,0,2,24494,9950,2721.6,0.889,165,0,0.1111111111111111,0,43,29,2366.0,18,0.186,10.19,0.4186,0.725,4.0,48.2,94.2,3.5,0.0,0.5,0.0,0.0,0.0,0.0,0.0,0.0,0,0,0,0,0,0,204,0,0,0.0,1,24102,5.38,0.5,3061.8,True,False,False,False,False,False,True,False,False,False,False,False,False,False,False,False,True,False,False,True,True,False,False,True,False
A-09540c,Company_239,2023-10-30,67,True,False,630,6,1,1,1,0,23718,13333,3953.0,0.833,232,3283,0.16666666666666666,0,28,20,1578.3,16,0.107,10.61,0.5714,0.5,2.0,28.0,89.0,4.5,0.0,0.0,0.0,1.0,0.0,0.0,0.0,71.44,False,False,False,False,False,True,231,0,0,0.0,1,22445,0.42,0.03,354.0,True,False,False,False,False,False,True,False,False,False,False,False,False,True,False,False,False,True,False,False,False,False,True,False,True
A-e693b6,Company_240,2023-05-25,55,False,True,788,12,2,1,0,3,34155,10945,2846.2,0.917,402,10945,0.16666666666666666,1,61,31,3436.1,25,0.066,11.16,0.4098,0.775,1.0,1.0,144.0,3.0,0.0,1.0,0.0,1.0,0.0,1.0,0.0,0.0,True,False,False,False,False,False,202,0,0,0.0,1,30415,1.11,0.018,621.0,False,False,False,True,False,True,False,False,False,False,False,False,False,True,False,False,False,False,True,False,False,True,False,True,False
A-2446e3,Company_241,2024-01-10,27,False,False,558,7,0,1,1,1,24138,5373,3448.3,0.571,547,5373,0.0,0,48,28,2517.3,32,0.104,10.33,0.6667,0.7,3.0,28.7,104.7,4.0,0.0,0.333,0.0,2.0,1.0,1.0,1.0,81.93,False,True,False,False,False,False,209,0,0,0.0,1,24138,1.78,0.111,894.0,False,False,True,False,False,False,False,False,False,True,False,False,False,False,True,False,False,False,False,True,False,True,False,False,True
A-241e75,Company_242,2024-07-03,3,False,False,383,5,0,0,1,0,3594,2254,718.8,0.8,375,95,0.0,-1,28,17,1671.0,20,0.071,9.5,0.7143,0.425,4.0,31.5,101.0,4.25,0.0,0.0,0.0,2.0,0.0,0.0,1.0,0.0,False,False,True,False,False,False,220,0,0,0.0,1,3594,9.33,1.333,1198.0,False,False,True,False,False,False,False,False,False,False,False,True,False,False,False,False,True,False,True,False,True,False,False,False,True
A-922109,Company_243,2024-01-26,3,False,False,542,13,1,0,0,3,14118,8159,1086.0,0.769,279,0,0.07692307692307693,0,79,35,4574.4,34,0.051,10.37,0.4304,0.875,3.0,25.3,127.0,3.67,0.0,0.0,0.0,2.0,0.0,1.0,1.0,0.0,False,False,False,False,True,False,212,0,0,0.0,1,13677,26.33,1.0,4706.0,True,False,False,False,False,False,False,False,False,False,False,True,True,False,False,False,False,False,False,True,True,False,False,False,True
A-ff3c73,Company_244,2023-01-26,21,False,False,907,9,1,1,0,3,4335,1254,481.7,0.778,248,399,0.1111111111111111,1,40,29,2399.8,23,0.125,10.2,0.575,0.725,2.0,35.5,97.5,3.5,0.0,0.5,0.0,2.0,0.0,0.0,1.0,2.42,False,True,False,False,False,False,205,0,0,0.0,1,4335,1.9,0.095,206.4,False,False,False,False,True,True,False,False,False,False,False,False,False,False,False,True,False,False,False,True,True,False,False,True,False
A-8b0451,Company_245,2024-09-16,41,False,False,308,10,1,0,0,1,31709,8159,3170.9,0.8,101,8159,0.1,0,60,32,2965.5,45,0.1,10.1,0.75,0.8,7.0,26.6,83.7,3.71,0.0,0.571,0.0,1.0,0.0,0.0,0.0,0.0,True,False,False,False,False,False,202,0,0,0.0,1,23550,1.46,0.171,773.4,False,False,False,True,False,False,False,False,False,False,True,False,False,True,False,False,False,False,True,False,False,True,False,True,False
A-331424,Company_246,2023-11-06,11,False,False,623,6,1,0,0,2,6776,2189,1129.3,0.5,221,0,0.16666666666666666,0,20,17,1269.5,9,0.15,10.7,0.45,0.425,2.0,24.5,98.5,4.0,0.0,0.0,0.0,1.0,0.0,0.0,0.0,0.0,False,True,False,False,False,False,231,0,0,0.0,1,6567,1.82,0.182,616.0,False,True,False,False,False,False,False,False,False,False,False,True,False,False,True,False,False,True,False,False,False,False,True,False,True
A-51ec1b,Company_247,2023-11-08,7,False,False,621,6,2,3,2,0,11087,3582,1847.8,0.833,291,3383,0.3333333333333333,1,28,19,1852.7,12,0.107,10.11,0.4286,0.475,3.0,52.3,150.0,4.67,1.0,0.0,0.333,1.0,1.0,0.0,1.0,0.0,False,False,False,False,False,True,272,0,0,0.0,1,8567,4.0,0.429,1583.9,False,True,False,False,False,False,False,False,False,False,False,True,True,False,False,False,False,False,True,False,False,True,False,True,False
A-bcf664,Company_248,2023-05-19,5,False,False,794,13,1,0,0,2,13728,2587,1056.0,1.0,173,2303,0.07692307692307693,0,56,31,3032.0,28,0.089,10.27,0.5,0.775,5.0,36.0,110.6,4.0,1.0,0.4,0.2,3.0,1.0,0.0,0.0,75.32,False,True,False,False,False,False,209,0,0,0.0,1,11340,11.2,1.0,2745.6,False,True,False,False,False,False,False,False,False,False,False,True,False,False,False,True,False,False,False,True,False,False,True,True,False
A-90a8c8,Company_249,2024-08-24,15,False,False,331,7,0,2,0,1,26514,14527,3787.7,0.714,330,2985,0.0,2,41,23,2124.8,20,0.098,9.85,0.4878,0.575,4.0,45.0,29.5,3.25,0.0,0.5,0.0,1.0,0.0,0.0,0.0,0.0,False,False,False,False,True,False,206,0,0,0.0,1,26514,2.73,0.267,1767.6,False,False,False,True,False,True,False,False,False,False,False,False,False,False,True,False,False,False,False,True,False,True,False,False,True
A-86cdb4,Company_250,2024-09-22,2,False,False,302,9,2,0,0,1,3551,988,394.6,1.0,84,323,0.2222222222222222,0,49,27,2787.1,24,0.122,10.04,0.4898,0.675,5.0,26.4,105.8,4.2,0.0,0.4,0.0,0.0,0.0,0.0,0.0,0.0,0,0,0,0,0,0,225,0,0,0.0,1,3006,24.5,2.5,1775.5,False,True,False,False,False,False,False,True,False,False,False,False,False,False,False,False,True,True,False,False,True,False,False,False,True
A-4bfa33,Company_251,2024-12-07,8,True,False,226,7,1,0,0,1,5606,3528,800.9,0.857,19,0,0.14285714285714285,0,36,23,1304.1,17,0.167,9.14,0.4722,0.575,4.0,16.5,84.8,3.75,0.0,0.25,0.0,3.0,0.0,0.0,1.0,99.76,False,False,False,False,False,True,207,0,0,0.0,1,5165,4.5,0.5,700.8,True,False,False,False,False,False,False,False,False,False,False,True,False,True,False,False,False,True,False,False,False,True,False,True,False
A-dbc825,Company_252,2024-01-07,19,False,False,561,16,4,2,0,1,42404,10945,2650.2,0.875,333,361,0.25,2,72,34,3546.7,58,0.111,10.14,0.8056,0.85,6.0,49.5,108.2,4.0,1.0,0.167,0.167,2.0,0.0,0.0,0.0,0.0,True,False,False,False,False,False,203,0,0,0.0,1,25702,3.79,0.316,2231.8,False,False,True,False,False,False,False,False,True,False,False,False,False,False,False,False,True,False,True,False,True,False,False,True,False
A-c70870,Company_253,2024-10-22,31,False,False,272,7,0,2,1,3,39614,33830,5659.1,1.0,252,4606,0.0,1,34,23,1772.3,18,0.118,9.82,0.5294,0.575,5.0,35.6,105.8,4.0,0.0,0.0,0.0,1.0,0.0,0.0,0.0,0.0,False,True,False,False,False,False,202,0,0,0.0,1,39614,1.1,0.161,1277.9,True,False,False,False,False,False,False,False,False,False,False,True,False,False,False,False,True,True,False,False,False,False,True,True,False
A-7c4956,Company_254,2023-05-06,5,False,True,807,8,3,0,0,2,3409,1194,426.1,0.75,493,513,0.375,0,45,27,2161.8,40,0.133,10.56,0.8889,0.675,3.0,13.7,66.7,4.0,0.0,0.0,0.0,0.0,0.0,0.0,0.0,0.0,0,0,0,0,0,0,207,0,0,0.0,1,3314,9.0,0.6,681.8,False,True,False,False,False,False,False,False,False,False,False,True,True,False,False,False,False,False,True,False,True,False,False,True,False
A-0651a4,Company_255,2024-10-16,16,False,False,278,15,1,0,0,3,44564,12935,2970.9,0.867,57,12935,0.06666666666666667,0,69,34,3357.1,37,0.116,10.22,0.5362,0.85,4.0,29.2,48.5,4.0,0.0,0.25,0.0,2.0,0.0,1.0,0.0,0.0,False,False,True,False,False,False,217,0,0,0.0,1,44564,4.31,0.25,2785.2,False,False,False,False,True,False,False,False,True,False,False,False,False,False,True,False,False,False,False,True,False,True,False,True,False
A-3ce5b8,Company_256,2023-09-07,8,False,True,683,9,0,0,0,2,16650,9261,1850.0,1.0,584,0,0.0,0,50,29,2463.4,29,0.1,10.18,0.58,0.725,10.0,42.5,101.8,3.8,0.0,0.3,0.0,1.0,0.0,0.0,0.0,261.49,False,False,True,False,False,False,218,0,0,0.0,1,16650,6.25,1.25,2081.2,False,False,False,True,False,False,False,False,False,True,False,False,True,False,False,False,False,True,False,False,False,True,False,True,False
A-bd4708,Company_257,2024-07-21,37,True,False,365,13,0,1,0,4,38975,7363,2998.1,0.692,362,7363,0.0,1,64,33,3365.0,30,0.109,10.2,0.4688,0.825,4.0,24.0,90.8,3.75,0.0,0.25,0.0,0.0,0.0,0.0,0.0,0.0,0,0,0,0,0,0,203,0,0,0.0,1,38975,1.73,0.108,1053.4,False,False,False,True,False,False,False,False,False,False,False,True,True,False,False,False,False,False,False,True,False,True,False,False,True
A-993085,Company_258,2023-06-01,31,True,False,781,15,1,2,2,1,48456,9751,3230.4,0.8,463,8358,0.06666666666666667,0,70,33,3600.2,50,0.1,9.5,0.7143,0.825,4.0,46.5,82.0,3.75,0.0,0.0,0.0,2.0,0.0,0.0,0.0,0.0,False,False,True,False,False,False,213,0,0,0.0,1,40098,2.26,0.129,1563.1,False,False,False,False,True,False,False,False,False,False,False,True,True,False,False,False,False,True,False,False,False,True,False,False,True
A-92a3af,Company_259,2024-07-07,25,False,False,379,11,0,0,2,0,34538,6965,3139.8,0.636,363,1225,0.0,-2,67,35,3636.5,55,0.119,10.66,0.8209,0.875,4.0,57.5,39.0,4.0,1.0,0.0,0.25,0.0,0.0,0.0,0.0,0.0,0,0,0,0,0,0,215,0,0,0.0,1,34538,2.68,0.16,1381.5,True,False,False,False,False,False,False,False,False,True,False,False,False,False,True,False,False,False,True,False,False,False,True,False,True
A-151c9a,Company_260,2023-01-27,23,False,False,906,5,0,0,1,0,14250,4577,2850.0,0.8,805,2548,0.0,-1,34,28,2015.1,14,0.029,10.76,0.4118,0.7,2.0,31.0,156.5,3.5,0.0,0.0,0.0,1.0,0.0,0.0,0.0,35.6,False,False,False,False,True,False,204,0,0,0.0,1,14250,1.48,0.087,619.6,False,False,False,True,False,False,False,False,False,False,False,True,True,False,False,False,False,False,True,False,False,False,True,False,True
A-474ad4,Company_261,2023-11-28,8,False,False,601,15,2,1,1,4,12125,4776,808.3,0.667,392,4776,0.13333333333333333,0,64,34,3055.9,45,0.094,9.45,0.7031,0.85,3.0,33.0,50.7,4.33,1.0,0.333,0.333,0.0,0.0,0.0,0.0,0.0,0,0,0,0,0,0,222,0,0,0.0,1,10533,8.0,0.375,1515.6,False,False,True,False,False,False,False,False,False,False,False,True,False,False,True,False,False,True,False,False,False,True,False,True,False
A-4ef964,Company_262,2024-03-07,17,False,False,501,9,1,0,0,1,14279,3430,1586.6,0.667,211,1372,0.1111111111111111,0,49,31,2511.0,33,0.122,9.94,0.6735,0.775,3.0,42.7,86.3,4.0,0.0,0.0,0.0,1.0,0.0,0.0,1.0,0.0,True,False,False,False,False,False,210,0,0,0.0,1,13557,2.88,0.176,839.9,False,False,False,False,True,False,False,False,False,False,False,True,False,False,True,False,False,False,False,True,False,False,True,False,True
A-fd9422,Company_263,2024-04-04,58,False,False,473,9,1,1,1,4,28130,11542,3125.6,0.778,147,2842,0.1111111111111111,0,44,27,2388.6,21,0.114,10.36,0.4773,0.675,6.0,44.3,116.8,3.5,1.0,0.333,0.167,0.0,0.0,0.0,0.0,0.0,0,0,0,0,0,0,203,0,0,0.0,1,27028,0.76,0.103,485.0,True,False,False,False,False,False,False,False,False,False,False,True,False,False,True,False,False,False,False,True,False,False,True,True,False
A-0baac2,Company_264,2024-05-30,14,False,True,417,6,2,0,0,0,18500,6169,3083.3,1.0,193,2786,0.3333333333333333,0,21,19,1219.4,9,0.0,9.62,0.4286,0.475,6.0,43.5,89.0,4.17,0.0,0.167,0.0,4.0,0.0,0.0,1.0,99.38,False,False,False,False,False,True,263,0,0,0.0,1,9943,1.5,0.429,1321.4,False,False,False,True,False,False,False,True,False,False,False,False,False,False,True,False,False,False,True,False,False,True,False,False,True
A-bb1486,Company_265,2024-11-05,41,False,False,258,8,1,0,2,0,16307,3381,2038.4,0.75,36,3283,0.125,-2,42,24,1982.4,36,0.119,9.64,0.8571,0.6,3.0,11.0,78.0,3.67,0.0,0.0,0.0,2.0,1.0,1.0,0.0,0.0,True,False,False,False,False,False,224,0,0,0.0,1,15528,1.02,0.073,397.7,False,False,False,False,True,False,False,False,False,False,False,True,False,False,True,False,False,True,False,False,False,False,True,True,False
A-560d27,Company_266,2024-05-05,23,False,False,442,12,1,1,0,3,41641,14129,3470.1,0.583,171,0,0.08333333333333333,1,59,27,3093.6,38,0.102,9.95,0.6441,0.675,4.0,30.8,59.8,3.75,0.0,0.0,0.0,0.0,0.0,0.0,0.0,0.0,0,0,0,0,0,0,266,0,0,0.0,1,37064,2.57,0.174,1810.5,False,True,False,False,False,False,False,False,False,False,False,True,False,False,True,False,False,False,False,True,True,False,False,True,False
A-0b0d6d,Company_267,2024-12-30,3,False,False,203,13,2,1,0,0,33491,10348,2576.2,1.0,1,1029,0.15384615384615385,1,62,32,2706.8,48,0.145,9.39,0.7742,0.8,5.0,31.4,90.4,4.0,1.0,0.2,0.2,1.0,0.0,0.0,0.0,0.0,False,True,False,False,False,False,207,0,0,0.0,1,30429,20.67,1.667,11163.7,False,True,False,False,False,False,False,False,False,False,False,True,False,False,True,False,False,False,False,True,False,False,True,True,False
A-2789e3,Company_268,2024-09-14,11,False,False,310,12,0,1,1,2,24489,12139,2040.8,0.833,306,0,0.0,0,65,33,3431.3,45,0.092,10.46,0.6923,0.825,4.0,47.2,83.2,4.0,0.0,0.0,0.0,0.0,0.0,0.0,0.0,0.0,0,0,0,0,0,0,202,0,0,0.0,1,24489,5.91,0.364,2226.3,False,False,False,True,False,False,False,False,False,False,False,True,False,False,False,False,True,False,True,False,False,False,True,False,True
A-b07346,Company_269,2024-10-10,51,False,True,284,5,0,1,0,1,31416,10149,6283.2,0.6,257,0,0.0,1,33,23,1782.4,22,0.121,9.88,0.6667,0.575,3.0,42.3,76.7,3.67,0.0,0.333,0.0,1.0,0.0,0.0,0.0,0.0,True,False,False,False,False,False,221,0,0,0.0,1,31416,0.65,0.059,616.0,False,False,False,False,True,False,False,False,False,False,False,True,False,False,False,False,True,False,False,True,False,True,False,True,False
A-902ef7,Company_270,2024-09-03,83,False,True,321,8,0,2,0,2,44322,16517,5540.2,1.0,319,1577,0.0,2,40,31,2431.3,24,0.125,10.35,0.6,0.775,2.0,48.5,85.0,4.0,0.0,1.0,0.0,1.0,0.0,0.0,0.0,0.0,False,False,False,True,False,False,273,0,0,0.0,1,44322,0.48,0.024,534.0,False,False,False,False,True,False,False,False,False,False,False,True,False,False,False,True,False,False,True,False,True,False,False,True,False
A-20736a,Company_271,2024-03-16,50,False,False,492,7,0,1,1,1,40525,12736,5789.3,1.0,438,9950,0.0,0,42,22,1806.8,22,0.119,10.24,0.5238,0.55,4.0,42.2,78.2,3.75,0.0,0.25,0.0,1.0,0.0,0.0,0.0,64.98,False,True,False,False,False,False,204,0,0,0.0,1,40525,0.84,0.08,810.5,False,False,True,False,False,False,False,False,False,True,False,False,False,False,True,False,False,False,True,False,False,True,False,True,False
A-e4bf56,Company_272,2024-10-28,17,False,True,266,7,1,0,1,0,18926,7363,2703.7,0.571,32,4378,0.14285714285714285,-1,33,25,1924.8,10,0.03,10.27,0.303,0.625,8.0,29.1,111.5,3.75,0.0,0.625,0.0,0.0,0.0,0.0,0.0,0.0,0,0,0,0,0,0,210,0,0,0.0,1,11563,1.94,0.471,1113.3,False,False,False,False,True,False,False,False,False,True,False,False,True,False,False,False,False,False,False,True,False,True,False,False,True
A-cea1f0,Company_273,2024-04-07,8,False,True,470,10,0,1,1,2,12244,4378,1224.4,0.4,415,1592,0.0,0,56,28,2686.5,28,0.161,10.46,0.5,0.7,5.0,42.2,107.4,4.2,0.0,0.4,0.0,0.0,0.0,0.0,0.0,0.0,0,0,0,0,0,0,210,0,0,0.0,1,12244,7.0,0.625,1530.5,False,False,False,True,False,False,False,False,False,False,False,True,False,True,False,False,False,False,False,True,False,True,False,True,False
A-ef84cf,Company_274,2024-03-01,8,False,False,507,5,1,0,1,1,7507,6766,1501.4,0.6,154,152,0.2,-1,28,21,1673.7,11,0.107,11.04,0.3929,0.525,5.0,34.8,79.4,4.2,1.0,0.4,0.2,3.0,1.0,0.0,1.0,18.81,False,False,False,True,False,False,202,0,0,0.0,1,7355,3.5,0.625,938.4,False,False,True,False,False,False,False,False,False,False,False,True,False,False,False,False,True,False,True,False,True,False,False,False,True
A-d49cc5,Company_275,2023-09-19,50,False,False,671,8,0,0,0,0,13325,3675,1665.6,0.875,524,950,0.0,0,41,27,2382.2,34,0.122,10.63,0.8293,0.675,4.0,32.0,55.2,4.25,0.0,0.5,0.0,1.0,0.0,0.0,0.0,0.0,False,True,False,False,False,False,205,0,0,0.0,1,13325,0.82,0.08,266.5,True,False,False,False,False,False,False,False,True,False,False,False,False,True,False,False,False,True,False,False,True,False,False,False,True
A-67be94,Company_276,2023-04-04,26,False,False,839,7,1,1,0,0,21930,10348,3132.9,0.857,173,1274,0.14285714285714285,1,42,26,2120.0,17,0.071,9.9,0.4048,0.65,5.0,38.6,51.0,4.0,0.0,0.2,0.0,2.0,0.0,0.0,0.0,88.27,False,True,False,False,False,False,215,0,0,0.0,1,14567,1.62,0.192,843.5,False,False,True,False,False,False,False,False,False,False,False,True,False,False,True,False,False,False,True,False,False,False,True,False,True
A-4e960a,Company_277,2024-01-17,12,True,True,551,12,0,0,1,2,23942,14129,1995.2,0.917,530,228,0.0,-1,49,29,2565.7,21,0.102,10.45,0.4286,0.725,6.0,29.2,83.2,4.0,0.0,0.5,0.0,0.0,0.0,0.0,0.0,0.0,0,0,0,0,0,0,205,0,0,0.0,1,23942,4.08,0.5,1995.2,False,False,False,True,False,False,False,False,False,False,False,True,False,False,False,True,False,False,True,False,True,False,False,False,True
A-c37cab,Company_278,2024-07-29,13,False,False,357,12,2,1,1,3,29433,19502,2452.8,0.917,136,437,0.16666666666666666,0,70,32,3388.5,40,0.2,10.11,0.5714,0.8,4.0,33.0,101.2,3.75,1.0,0.0,0.25,2.0,0.0,0.0,0.0,4.03,False,True,False,False,False,False,203,0,0,0.0,1,9931,5.38,0.308,2264.1,True,False,False,False,False,False,False,False,False,False,True,False,False,True,False,False,False,False,False,True,True,False,False,True,False
A-533452,Company_279,2024-11-12,9,False,False,251,11,1,1,2,1,20664,5174,1878.5,0.909,29,988,0.09090909090909091,-1,63,32,2878.8,44,0.159,9.44,0.6984,0.8,4.0,32.8,35.5,4.0,0.0,0.25,0.0,4.0,1.0,1.0,0.0,147.55,False,False,True,False,False,False,218,0,0,0.0,1,20223,7.0,0.444,2296.0,False,True,False,False,False,True,False,False,False,False,False,False,False,False,True,False,False,False,False,True,True,False,False,True,False
A-443b7c,Company_280,2024-09-06,1,False,True,318,16,2,4,0,3,24062,13930,1503.9,0.812,104,152,0.125,4,63,28,3250.6,29,0.127,9.81,0.4603,0.7,8.0,29.2,49.0,4.25,0.0,0.5,0.0,0.0,0.0,0.0,0.0,0.0,0,0,0,0,0,0,206,0,0,0.0,1,23739,63.0,8.0,24062.0,True,False,False,False,False,False,False,False,False,False,False,True,False,False,False,True,False,False,True,False,True,False,False,True,False
A-1f7acb,Company_281,2023-08-06,64,True,False,715,8,0,1,3,1,46912,12736,5864.0,0.75,689,12736,0.0,-2,53,26,2734.5,47,0.132,9.62,0.8868,0.65,7.0,41.7,129.6,4.29,0.0,0.143,0.0,0.0,0.0,0.0,0.0,0.0,0,0,0,0,0,0,220,0,0,0.0,1,46912,0.83,0.109,733.0,False,False,False,True,False,False,False,False,False,False,True,False,True,False,False,False,False,True,False,False,False,True,False,True,False
A-f51f16,Company_282,2023-12-25,1,False,False,574,8,1,2,0,1,13310,7761,1663.8,0.875,187,38,0.125,2,37,25,2434.9,28,0.081,10.38,0.7568,0.625,4.0,29.2,91.0,3.5,0.0,0.5,0.0,2.0,0.0,1.0,1.0,0.0,False,True,False,False,False,False,225,0,0,0.0,1,13261,37.0,4.0,13310.0,False,False,False,False,True,False,False,False,False,False,False,True,False,False,False,False,True,False,True,False,True,False,False,True,False
A-5a3eb9,Company_283,2023-08-20,18,True,False,701,13,1,0,2,0,20293,3582,1561.0,0.846,465,882,0.07692307692307693,-2,69,34,3614.7,34,0.101,10.46,0.4928,0.85,3.0,24.0,83.0,4.0,0.0,0.333,0.0,3.0,0.0,0.0,1.0,58.37,False,True,False,False,False,False,222,0,0,0.0,1,19411,3.83,0.167,1127.4,False,True,False,False,False,False,True,False,False,False,False,False,False,False,False,True,False,False,True,False,False,False,True,True,False
A-5f2961,Company_284,2024-11-22,4,False,False,241,7,0,0,0,0,10299,3184,1471.3,0.857,236,304,0.0,0,36,22,1717.0,19,0.056,9.67,0.5278,0.55,1.0,53.0,19.0,4.0,0.0,0.0,0.0,1.0,0.0,0.0,0.0,6.6,False,False,False,True,False,False,259,0,0,0.0,1,10299,9.0,0.25,2574.8,False,False,False,False,True,False,False,False,False,False,False,True,False,False,False,False,True,True,False,False,True,False,False,True,False
A-417d2f,Company_285,2023-07-04,4,True,False,748,16,1,1,0,2,22933,10149,1433.3,0.812,304,1617,0.0625,1,71,37,3440.0,31,0.113,10.17,0.4366,0.925,6.0,43.5,80.5,4.17,0.0,0.333,0.0,1.0,0.0,0.0,0.0,0.0,True,False,False,False,False,False,222,0,0,0.0,1,17759,17.75,1.5,5733.2,True,False,False,False,False,False,False,False,False,True,False,False,False,False,False,False,True,False,False,True,False,False,True,False,True
A-e98302,Company_286,2023-12-26,16,True,False,573,6,1,0,0,0,12567,6766,2094.5,0.833,342,2842,0.16666666666666666,0,30,21,1479.2,18,0.1,9.1,0.6,0.525,9.0,44.4,99.4,4.11,0.0,0.333,0.0,0.0,0.0,0.0,0.0,0.0,0,0,0,0,0,0,221,0,0,0.0,1,9725,1.88,0.562,785.4,False,False,True,False,False,False,False,False,False,False,False,True,True,False,False,False,False,False,True,False,False,False,True,True,False
A-8bde0c,Company_287,2024-11-04,12,False,False,259,18,2,2,0,1,34198,5572,1899.9,0.833,56,2388,0.1111111111111111,2,80,34,4015.1,43,0.075,9.66,0.5375,0.85,3.0,25.7,86.3,4.0,0.0,0.0,0.0,2.0,0.0,0.0,0.0,0.0,False,False,True,False,False,False,227,0,0,0.0,1,32385,6.67,0.25,2849.8,False,True,False,False,False,False,False,False,False,False,False,True,False,False,True,False,False,True,False,False,False,True,False,False,True
A-bcf87c,Company_288,2024-06-27,10,False,True,389,11,2,0,1,1,21770,6169,1979.1,0.727,142,3383,0.18181818181818182,-1,54,26,2459.8,19,0.13,9.31,0.3519,0.65,2.0,63.0,49.5,4.0,0.0,0.0,0.0,0.0,0.0,0.0,0.0,0.0,0,0,0,0,0,0,219,0,0,0.0,1,13611,5.4,0.2,2177.0,False,False,False,True,False,False,False,False,False,False,False,True,False,True,False,False,False,False,False,True,False,True,False,False,True
A-54ecc2,Company_289,2023-06-11,4,False,False,771,11,0,0,1,1,16168,5970,1469.8,0.909,705,5572,0.0,-1,56,28,3058.3,39,0.107,10.84,0.6964,0.7,5.0,37.4,72.0,4.4,0.0,0.0,0.0,3.0,0.0,0.0,1.0,0.0,False,False,False,True,False,False,224,0,0,0.0,1,16168,14.0,1.25,4042.0,True,False,False,False,False,False,False,False,False,False,False,True,False,False,False,False,True,False,True,False,False,True,False,False,True
A-625d0b,Company_290,2024-09-02,9,False,False,322,11,1,0,0,2,11893,2058,1081.2,0.909,58,1791,0.09090909090909091,0,54,32,2358.2,38,0.111,9.8,0.7037,0.8,5.0,48.4,72.4,3.8,0.0,0.4,0.0,0.0,0.0,0.0,0.0,0.0,0,0,0,0,0,0,224,0,0,0.0,1,9903,6.0,0.556,1321.4,False,False,True,False,False,True,False,False,False,False,False,False,True,False,False,False,False,True,False,False,False,True,False,True,False
A-fce879,Company_291,2024-09-24,10,True,True,300,5,0,0,1,1,6797,3781,1359.4,1.0,296,399,0.0,-1,27,25,1645.7,14,0.037,11.07,0.5185,0.625,2.0,28.0,61.5,4.0,0.0,0.5,0.0,2.0,0.0,0.0,1.0,0.0,False,False,True,False,False,False,233,0,0,0.0,1,6797,2.7,0.2,679.7,False,False,True,False,False,False,False,False,False,False,True,False,False,False,False,False,True,False,False,True,True,False,False,True,False
A-b07b56,Company_292,2024-11-08,25,False,True,255,15,1,0,0,3,16984,4975,1132.3,0.8,23,0,0.06666666666666667,0,64,32,3091.0,39,0.141,9.89,0.6094,0.8,4.0,31.2,93.8,3.75,0.0,0.5,0.0,1.0,0.0,0.0,0.0,0.0,True,False,False,False,False,False,204,0,0,0.0,1,16984,2.56,0.16,679.4,False,True,False,False,False,False,False,False,False,False,False,True,False,True,False,False,False,False,False,True,True,False,False,True,False
A-6da850,Company_293,2023-10-07,5,False,False,653,16,3,3,1,4,18559,7363,1159.9,0.75,450,114,0.1875,2,70,30,3106.2,54,0.114,10.2,0.7714,0.75,5.0,49.0,76.4,4.0,0.0,0.2,0.0,3.0,0.0,0.0,0.0,0.0,True,False,False,False,False,False,206,0,0,0.0,1,16534,14.0,1.0,3711.8,False,False,False,True,False,False,False,False,False,True,False,False,False,False,True,False,False,False,False,True,True,False,False,True,False
A-342303,Company_294,2024-03-16,1,True,False,492,3,0,0,0,1,1695,1372,565.0,1.0,444,0,0.0,0,15,12,385.8,5,0.067,9.4,0.3333,0.3,3.0,29.3,71.3,4.33,0.0,0.0,0.0,1.0,0.0,0.0,0.0,0.0,False,False,True,False,False,False,237,0,0,0.0,1,1695,15.0,3.0,1695.0,False,False,True,False,False,False,False,False,False,False,False,True,False,False,False,True,False,False,False,True,False,True,False,True,False
A-e7a1e2,Company_295,2024-06-23,3,False,False,393,12,1,0,0,2,20042,8756,1670.2,0.833,147,8756,0.08333333333333333,0,68,36,3682.1,36,0.044,10.34,0.5294,0.9,1.0,45.0,37.0,4.0,0.0,0.0,0.0,3.0,1.0,0.0,1.0,6.2,True,False,False,False,False,False,212,0,0,0.0,1,19047,22.67,0.333,6680.7,True,False,False,False,False,False,False,False,False,False,False,True,False,True,False,False,False,False,True,False,False,True,False,True,False
A-f1f639,Company_296,2023-02-26,2,False,False,876,4,0,1,0,0,2919,1791,729.8,1.0,749,1791,0.0,1,14,12,718.3,10,0.286,9.93,0.7143,0.3,7.0,20.0,67.6,4.57,0.0,0.143,0.0,2.0,1.0,0.0,0.0,0.0,True,False,False,False,False,False,213,0,0,0.0,1,2919,7.0,3.5,1459.5,False,False,True,False,False,False,False,False,False,False,False,True,True,False,False,False,False,True,False,False,False,True,False,False,True
A-a865bd,Company_297,2023-09-19,38,False,False,671,5,0,0,0,0,21022,7562,4204.4,0.6,551,2744,0.0,0,24,19,1002.0,13,0.125,9.58,0.5417,0.475,2.0,31.5,21.5,3.5,0.0,0.5,0.0,2.0,0.0,0.0,0.0,0.0,False,False,False,False,False,True,215,0,0,0.0,1,21022,0.63,0.053,553.2,True,False,False,False,False,False,False,False,False,False,False,True,False,False,True,False,False,False,False,True,False,False,True,False,True
A-4e631b,Company_298,2024-03-16,22,False,False,492,11,0,1,1,1,24398,7960,2218.0,0.727,490,418,0.0,0,49,32,2577.8,29,0.082,10.24,0.5918,0.8,2.0,24.5,52.0,4.0,0.0,0.5,0.0,0.0,0.0,0.0,0.0,0.0,0,0,0,0,0,0,214,0,0,0.0,1,24398,2.23,0.091,1109.0,False,False,False,True,False,False,False,False,False,False,False,True,False,False,False,True,False,False,True,False,True,False,False,True,False
A-7f6b86,Company_299,2023-08-24,45,True,True,697,9,1,3,0,3,19402,11741,2155.8,0.778,204,855,0.1111111111111111,3,41,27,2404.2,14,0.073,10.24,0.3415,0.675,7.0,40.4,96.6,3.86,0.0,0.143,0.0,1.0,0.0,0.0,0.0,5.27,False,False,False,True,False,False,207,0,0,0.0,1,17197,0.91,0.156,431.2,False,False,False,False,True,False,False,False,False,False,False,True,False,False,False,False,True,True,False,False,True,False,False,True,False
A-8adedc,Company_300,2024-02-11,4,True,True,526,14,2,0,0,3,28328,11343,2023.4,0.929,251,3332,0.14285714285714285,0,61,32,2766.6,33,0.082,9.56,0.541,0.8,4.0,49.2,56.8,4.0,0.0,0.0,0.0,0.0,0.0,0.0,0.0,0.0,0,0,0,0,0,0,202,0,0,0.0,1,13801,15.25,1.0,7082.0,False,False,True,False,False,False,False,False,False,False,False,True,False,True,False,False,False,True,False,False,False,False,True,True,False
A-2edab2,Company_301,2023-11-17,17,False,False,612,10,1,1,0,0,11390,3383,1139.0,0.9,324,833,0.1,1,47,28,2680.1,26,0.106,10.36,0.5532,0.7,4.0,30.0,102.2,3.75,0.0,0.0,0.0,2.0,0.0,0.0,0.0,168.73,False,False,True,False,False,False,211,0,0,0.0,1,10557,2.76,0.235,670.0,False,False,False,False,True,False,False,False,False,False,False,True,False,True,False,False,False,False,True,False,False,False,True,False,True
A-149a69,Company_302,2024-10-17,34,False,False,277,3,0,0,0,0,8058,6766,2686.0,0.333,228,646,0.0,0,18,18,998.2,9,0.056,11.56,0.5,0.45,8.0,33.9,120.9,4.12,0.0,0.375,0.0,1.0,0.0,0.0,1.0,0.0,False,False,False,True,False,False,338,0,0,0.0,1,8058,0.53,0.235,237.0,False,True,False,False,False,False,False,False,False,False,False,True,False,True,False,False,False,True,False,False,True,False,False,False,True
A-a6d261,Company_303,2023-11-29,9,False,False,600,14,1,3,0,1,38191,20497,2727.9,0.929,349,247,0.07142857142857142,3,63,36,3153.9,29,0.095,9.95,0.4603,0.9,4.0,40.0,63.2,4.5,1.0,0.0,0.25,1.0,0.0,0.0,1.0,99.94,False,False,False,False,False,True,203,0,0,0.0,1,17694,7.0,0.444,4243.4,False,False,False,True,False,False,True,False,False,False,False,False,False,False,False,True,False,False,False,True,True,False,False,True,False
A-443f6f,Company_304,2024-12-07,19,False,False,226,9,1,1,0,0,13594,3781,1510.4,0.778,14,931,0.1111111111111111,1,56,31,2635.8,28,0.071,9.41,0.5,0.775,4.0,28.0,122.2,4.5,0.0,0.25,0.0,0.0,0.0,0.0,0.0,0.0,0,0,0,0,0,0,207,0,0,0.0,1,12663,2.95,0.211,715.5,True,False,False,False,False,False,False,False,False,False,False,True,False,False,True,False,False,True,False,False,False,False,True,False,True
A-202b67,Company_305,2024-03-22,11,False,False,486,9,1,1,0,0,18168,5771,2018.7,0.889,271,5771,0.1111111111111111,1,46,29,1841.9,40,0.109,9.72,0.8696,0.725,4.0,36.8,90.5,4.5,0.0,0.5,0.0,2.0,0.0,0.0,0.0,78.87,False,False,True,False,False,False,205,0,0,0.0,1,15979,4.18,0.364,1651.6,False,False,False,False,True,False,False,False,False,False,False,True,False,False,True,False,False,False,False,True,False,True,False,False,True
A-00bed1,Company_306,2023-11-14,28,True,False,615,10,0,3,0,1,33506,9751,3350.6,0.9,613,5572,0.0,3,51,32,2395.6,27,0.039,10.08,0.5294,0.8,4.0,31.8,106.2,4.0,0.0,0.5,0.0,1.0,0.0,0.0,0.0,21.17,False,False,False,False,False,True,219,0,0,0.0,1,33506,1.82,0.143,1196.6,True,False,False,False,False,False,False,False,False,False,False,True,True,False,False,False,False,True,False,False,False,True,False,True,False
A-ffc04f,Company_307,2024-06-06,13,False,False,410,15,2,0,1,3,20039,3781,1335.9,0.533,196,247,0.13333333333333333,-1,86,37,4622.4,64,0.081,9.97,0.7442,0.925,7.0,17.7,58.6,4.29,1.0,0.143,0.143,1.0,0.0,0.0,0.0,0.0,False,False,False,False,False,True,224,0,0,0.0,1,17393,6.62,0.538,1541.5,False,False,True,False,False,False,False,False,False,False,False,True,True,False,False,False,False,False,False,True,True,False,False,False,True
A-65c341,Company_308,2023-12-26,11,True,False,573,8,2,0,0,1,30546,16716,3818.2,1.0,282,1911,0.25,0,38,25,2451.1,18,0.105,10.79,0.4737,0.625,5.0,41.4,87.8,4.0,0.0,0.2,0.0,2.0,0.0,0.0,0.0,0.0,False,False,False,False,True,False,208,0,0,0.0,1,22466,3.45,0.455,2776.9,False,False,False,True,False,False,False,False,False,False,False,True,True,False,False,False,False,False,False,True,False,False,True,False,True
A-dcc2f0,Company_309,2023-07-22,15,False,False,730,15,1,2,0,2,17493,3184,1166.2,0.867,398,608,0.06666666666666667,2,76,35,4061.6,26,0.105,10.96,0.3421,0.875,2.0,27.0,100.0,4.0,0.0,0.5,0.0,1.0,0.0,0.0,1.0,0.0,False,False,True,False,False,False,207,0,0,0.0,1,16758,5.07,0.133,1166.2,False,False,False,True,False,False,False,False,False,False,True,False,False,False,True,False,False,True,False,False,True,False,False,True,False
A-ced9aa,Company_310,2024-10-05,3,False,False,289,11,2,0,0,0,6252,1194,568.4,1.0,70,147,0.18181818181818182,0,55,33,2782.8,39,0.091,9.65,0.7091,0.825,7.0,28.9,102.9,3.86,0.0,0.143,0.0,0.0,0.0,0.0,0.0,0.0,0,0,0,0,0,0,227,0,0,0.0,1,4697,18.33,2.333,2084.0,False,True,False,False,False,False,False,False,False,False,False,True,False,False,False,True,False,False,True,False,False,False,True,True,False
A-3d957b,Company_311,2024-04-04,14,False,False,473,6,1,3,0,0,11852,2786,1975.3,0.667,105,2786,0.16666666666666666,3,15,13,728.3,13,0.2,9.53,0.8667,0.325,3.0,41.3,79.3,3.67,0.0,0.333,0.0,1.0,0.0,0.0,0.0,0.0,True,False,False,False,False,False,274,0,0,0.0,1,9066,1.07,0.214,846.6,False,False,False,False,True,False,False,False,False,False,True,False,False,False,False,True,False,False,False,True,False,True,False,True,False
A-89ee83,Company_312,2024-10-04,1,False,True,290,11,2,3,0,0,24907,7960,2264.3,1.0,74,3582,0.18181818181818182,3,59,28,2877.1,26,0.102,9.58,0.4407,0.7,5.0,21.8,66.2,4.0,1.0,0.4,0.2,0.0,0.0,0.0,0.0,0.0,0,0,0,0,0,0,216,0,0,0.0,1,20140,59.0,5.0,24907.0,True,False,False,False,False,False,False,False,False,False,False,True,False,False,True,False,False,False,False,True,False,True,False,False,True
A-883b7d,Company_313,2024-03-28,17,False,False,480,12,1,0,0,2,30524,9950,2543.7,0.75,139,9950,0.08333333333333333,0,66,35,3158.6,40,0.106,9.76,0.6061,0.875,7.0,25.6,62.3,3.71,1.0,0.571,0.143,0.0,0.0,0.0,0.0,0.0,0,0,0,0,0,0,203,0,0,0.0,1,28515,3.88,0.412,1795.5,True,False,False,False,False,False,False,False,False,True,False,False,False,False,False,True,False,True,False,False,False,True,False,True,False
A-dcc3f1,Company_314,2023-12-27,21,False,False,572,8,0,0,1,1,12747,4378,1593.4,0.75,572,399,0.0,-1,48,31,2299.3,32,0.125,10.42,0.6667,0.775,9.0,35.7,83.4,3.89,0.0,0.333,0.0,2.0,0.0,0.0,0.0,0.0,False,False,True,False,False,False,209,0,0,0.0,1,12747,2.29,0.429,607.0,False,False,False,False,True,False,False,False,False,False,False,True,False,True,False,False,False,False,False,True,True,False,False,True,False
A-c62e55,Company_315,2023-02-08,1,True,False,894,9,0,1,0,0,11902,2985,1322.4,0.778,614,686,0.0,1,32,24,1450.8,13,0.188,10.53,0.4062,0.6,4.0,27.5,101.2,4.0,0.0,0.5,0.0,0.0,0.0,0.0,0.0,0.0,0,0,0,0,0,0,221,0,0,0.0,1,11902,32.0,4.0,11902.0,False,False,True,False,False,False,False,False,False,False,False,True,False,False,False,False,True,True,False,False,False,False,True,True,False
A-e4144b,Company_316,2024-10-22,41,False,False,272,10,0,1,0,4,35424,8159,3542.4,0.8,253,8159,0.0,1,43,26,2223.3,21,0.116,10.21,0.4884,0.65,3.0,57.0,172.3,4.0,0.0,0.333,0.0,0.0,0.0,0.0,0.0,0.0,0,0,0,0,0,0,210,0,0,0.0,1,35424,1.05,0.073,864.0,False,False,True,False,False,False,False,False,False,False,True,False,False,False,False,True,False,False,False,True,False,True,False,True,False
A-e40f45,Company_317,2024-04-18,21,False,False,459,7,1,3,0,1,11825,4179,1689.3,0.857,221,399,0.14285714285714285,3,45,29,2049.2,26,0.111,8.91,0.5778,0.725,7.0,26.7,96.3,4.14,0.0,0.286,0.0,1.0,0.0,0.0,0.0,101.23,True,False,False,False,False,False,204,0,0,0.0,1,11426,2.14,0.333,563.1,False,False,False,False,True,False,False,False,False,False,False,True,False,False,True,False,False,False,False,True,True,False,False,False,True
A-96215d,Company_318,2024-08-08,10,False,False,347,6,0,1,0,0,10312,3184,1718.7,0.5,338,490,0.0,1,32,20,1740.7,21,0.156,10.84,0.6562,0.5,1.0,25.0,115.0,3.0,0.0,1.0,0.0,0.0,0.0,0.0,0.0,0.0,0,0,0,0,0,0,227,0,0,0.0,1,10312,3.2,0.1,1031.2,False,False,False,True,False,False,False,False,False,False,False,True,False,True,False,False,False,False,True,False,False,False,True,True,False
A-2b9d3e,Company_319,2023-06-04,1,False,False,778,9,0,1,0,1,5142,1421,571.3,0.889,684,398,0.0,1,45,26,2376.5,19,0.111,9.87,0.4222,0.65,3.0,34.7,79.3,4.33,0.0,0.333,0.0,0.0,0.0,0.0,0.0,0.0,0,0,0,0,0,0,216,0,0,0.0,1,5142,45.0,3.0,5142.0,False,False,True,False,False,False,False,False,False,False,False,True,False,False,False,False,True,False,True,False,False,True,False,False,True
A-b7724f,Company_320,2023-03-28,1,False,False,846,8,3,0,0,0,3222,1349,402.8,0.875,576,551,0.375,0,38,28,1554.2,16,0.053,10.0,0.4211,0.7,3.0,28.7,92.0,3.33,0.0,0.333,0.0,3.0,1.0,0.0,1.0,242.55,False,True,False,False,False,False,225,0,0,0.0,1,2774,38.0,3.0,3222.0,False,False,False,False,True,False,False,False,False,False,True,False,False,False,True,False,False,True,False,False,True,False,False,False,True
A-310452,Company_321,2024-12-25,9,False,False,208,5,0,0,0,1,11003,9950,2200.6,0.8,207,441,0.0,0,25,20,1093.0,16,0.16,10.72,0.64,0.5,5.0,34.2,113.6,3.6,0.0,0.2,0.0,2.0,0.0,0.0,1.0,0.0,True,False,False,False,False,False,238,0,0,0.0,1,11003,2.78,0.556,1222.6,False,True,False,False,False,False,False,False,True,False,False,False,False,False,False,True,False,False,True,False,False,False,True,True,False
A-eb1312,Company_322,2024-09-16,25,False,False,308,12,1,1,0,0,18147,4975,1512.2,0.833,99,475,0.08333333333333333,1,65,31,3134.1,38,0.062,10.2,0.5846,0.775,1.0,68.0,117.0,5.0,0.0,0.0,0.0,2.0,0.0,0.0,0.0,0.0,False,False,False,False,False,True,215,0,0,0.0,1,17672,2.6,0.04,725.9,False,False,False,True,False,False,False,False,False,False,False,True,False,False,False,False,True,False,False,True,True,False,False,True,False
A-df1e44,Company_323,2024-02-23,12,False,False,514,11,1,1,1,2,13107,3087,1191.5,0.727,282,588,0.09090909090909091,0,42,25,2040.5,14,0.119,10.0,0.3333,0.625,2.0,53.0,109.5,4.5,0.0,0.0,0.0,2.0,0.0,0.0,0.0,0.0,True,False,False,False,False,False,224,0,0,0.0,1,10719,3.5,0.167,1092.2,True,False,False,False,False,False,False,False,False,False,True,False,False,False,True,False,False,False,True,False,False,False,True,False,True
A-6a7c9d,Company_324,2024-10-24,26,False,True,270,5,1,0,0,0,13028,5174,2605.6,1.0,38,1274,0.2,0,19,15,1083.4,6,0.053,9.95,0.3158,0.375,3.0,34.3,60.0,4.0,0.0,0.0,0.0,2.0,0.0,0.0,0.0,178.84,False,False,True,False,False,False,215,0,0,0.0,1,12135,0.73,0.115,501.1,True,False,False,False,False,False,False,False,False,False,False,True,False,False,True,False,False,False,True,False,False,False,True,True,False
A-cbd1a3,Company_325,2024-11-25,6,False,True,238,10,0,2,0,1,16351,5572,1635.1,0.8,237,380,0.0,2,45,29,2146.8,32,0.067,10.33,0.7111,0.725,4.0,34.5,81.8,4.0,0.0,0.25,0.0,0.0,0.0,0.0,0.0,0.0,0,0,0,0,0,0,212,0,0,0.0,1,16351,7.5,0.667,2725.2,False,True,False,False,False,False,False,False,False,False,False,True,False,False,False,True,False,True,False,False,True,False,False,True,False
A-a8d89d,Company_326,2023-12-08,13,False,False,591,12,0,2,0,1,29320,15522,2443.3,0.917,587,323,0.0,2,54,32,2849.4,26,0.093,10.2,0.4815,0.8,2.0,44.5,139.0,4.5,0.0,0.0,0.0,2.0,0.0,0.0,0.0,0.0,False,False,True,False,False,False,223,0,0,0.0,1,29320,4.15,0.154,2255.4,False,False,True,False,False,False,False,False,False,False,False,True,True,False,False,False,False,False,False,True,True,False,False,True,False
A-600734,Company_327,2023-11-14,29,True,True,615,13,2,2,0,1,18132,5771,1394.8,0.769,253,1764,0.15384615384615385,2,69,33,3167.9,30,0.159,9.57,0.4348,0.825,7.0,52.6,89.4,3.86,1.0,0.429,0.143,0.0,0.0,0.0,0.0,0.0,0,0,0,0,0,0,207,0,0,0.0,1,16711,2.38,0.241,625.2,False,True,False,False,False,False,False,False,False,False,False,True,False,False,True,False,False,False,False,True,False,False,True,False,True
A-86fc1d,Company_328,2024-07-26,26,False,False,360,9,2,3,0,3,15181,5572,1686.8,0.889,86,0,0.2222222222222222,3,37,26,1851.8,26,0.081,9.81,0.7027,0.65,5.0,27.0,59.2,4.0,0.0,0.6,0.0,1.0,0.0,0.0,1.0,0.0,False,False,False,False,True,False,203,0,0,0.0,1,14687,1.42,0.192,583.9,False,True,False,False,False,False,False,False,False,False,True,False,False,False,False,False,True,True,False,False,True,False,False,False,True
A-78f02b,Company_329,2024-11-17,11,False,False,246,4,0,1,0,0,15081,8771,3770.2,0.75,244,539,0.0,1,20,17,1039.2,16,0.15,10.55,0.8,0.425,4.0,45.8,55.0,4.0,0.0,0.0,0.0,2.0,0.0,0.0,0.0,0.0,True,False,False,False,False,False,234,0,0,0.0,1,15081,1.82,0.364,1371.0,False,False,False,False,True,False,False,False,False,False,False,True,False,True,False,False,False,False,True,False,False,False,True,True,False
A-acb7f7,Company_330,2024-01-06,32,False,False,562,12,0,2,1,2,32574,6368,2714.5,0.833,561,608,0.0,1,62,33,2943.8,36,0.161,9.87,0.5806,0.825,3.0,41.0,91.0,3.67,0.0,0.333,0.0,1.0,0.0,0.0,1.0,0.0,False,True,False,False,False,False,204,0,0,0.0,1,32574,1.94,0.094,1017.9,False,False,True,False,False,False,False,False,False,False,False,True,True,False,False,False,False,True,False,False,True,False,False,True,False
A-712f1c,Company_331,2023-12-16,17,False,True,583,12,1,2,0,1,42999,14925,3583.2,0.833,202,833,0.08333333333333333,2,68,32,3021.7,34,0.074,9.28,0.5,0.8,6.0,41.7,88.8,4.0,0.0,0.333,0.0,1.0,0.0,0.0,0.0,68.99,True,False,False,False,False,False,204,0,0,0.0,1,39616,4.0,0.353,2529.4,False,True,False,False,False,False,False,False,False,False,False,True,True,False,False,False,False,True,False,False,False,False,True,True,False
A-3793ee,Company_332,2023-03-21,49,True,False,853,7,1,1,1,2,26705,9751,3815.0,0.857,323,9751,0.14285714285714285,0,38,25,1623.0,11,0.026,9.26,0.2895,0.625,4.0,43.8,100.2,4.0,0.0,0.0,0.0,1.0,0.0,0.0,0.0,0.0,False,False,False,False,False,True,214,0,0,0.0,1,24304,0.78,0.082,545.0,True,False,False,False,False,False,True,False,False,False,False,False,False,False,True,False,False,False,True,False,False,True,False,False,True
A-9a532a,Company_333,2024-07-06,11,False,False,380,4,0,0,0,1,10945,6567,2736.2,1.0,327,2189,0.0,0,18,16,1259.9,15,0.222,10.28,0.8333,0.4,2.0,57.5,128.5,4.0,0.0,0.0,0.0,0.0,0.0,0.0,0.0,0.0,0,0,0,0,0,0,273,0,0,0.0,1,10945,1.64,0.182,995.0,False,False,False,False,True,False,False,False,False,False,False,True,False,False,False,False,True,False,True,False,False,True,False,False,True
A-2ebb4b,Company_334,2023-05-15,41,False,False,798,10,1,1,0,2,30688,12935,3068.8,1.0,436,2009,0.1,1,50,27,2391.7,33,0.14,9.76,0.66,0.675,2.0,43.5,136.5,3.0,0.0,0.0,0.0,3.0,1.0,0.0,1.0,0.0,False,False,False,True,False,False,218,0,0,0.0,1,28679,1.22,0.049,748.5,False,False,False,False,True,False,False,False,False,False,False,True,True,False,False,False,False,True,False,False,False,False,True,False,True
A-6843f2,Company_335,2024-12-10,21,False,False,223,9,0,0,1,1,16520,4179,1835.6,1.0,222,1127,0.0,-1,46,24,2107.1,17,0.065,10.46,0.3696,0.6,2.0,36.5,78.0,3.0,0.0,0.0,0.0,0.0,0.0,0.0,0.0,0.0,0,0,0,0,0,0,237,0,0,0.0,1,16520,2.19,0.095,786.7,False,False,False,False,True,False,True,False,False,False,False,False,True,False,False,False,False,False,True,False,False,False,True,True,False
A-c9bb3e,Company_336,2024-03-24,5,False,False,484,10,1,1,0,1,15217,6027,1521.7,0.9,1,190,0.1,1,46,27,2852.6,20,0.043,10.3,0.4348,0.675,7.0,27.7,86.1,4.14,1.0,0.286,0.143,2.0,0.0,0.0,0.0,0.0,False,False,False,True,False,False,262,0,0,0.0,1,13502,9.2,1.4,3043.4,False,False,True,False,False,False,False,False,False,False,False,True,True,False,False,False,False,False,False,True,True,False,False,False,True
A-4814a3,Company_337,2024-09-17,87,False,True,307,11,1,2,1,2,87957,17313,7996.1,0.727,95,4263,0.09090909090909091,1,60,35,2812.8,45,0.117,9.78,0.75,0.875,4.0,18.8,97.0,4.0,1.0,0.5,0.25,1.0,0.0,0.0,0.0,0.0,False,False,False,True,False,False,210,0,0,0.0,1,70644,0.69,0.046,1011.0,True,False,False,False,False,False,False,False,False,True,False,False,False,True,False,False,False,True,False,False,False,False,True,False,True
A-b7b7b7,Company_338,2024-06-30,24,False,True,386,12,0,1,0,2,28558,7761,2379.8,0.917,374,1176,0.0,1,55,31,2773.2,26,0.109,10.38,0.4727,0.775,3.0,17.0,99.0,4.67,0.0,0.0,0.0,0.0,0.0,0.0,0.0,0.0,0,0,0,0,0,0,221,0,0,0.0,1,28558,2.29,0.125,1189.9,False,False,False,True,False,False,False,False,False,False,False,True,False,True,False,False,False,True,False,False,False,False,True,True,False
A-ccc747,Company_339,2024-01-12,16,False,True,556,6,1,2,0,1,4812,1813,802.0,0.333,231,304,0.16666666666666666,2,30,23,1493.0,13,0.1,9.47,0.4333,0.575,4.0,32.2,83.2,4.25,1.0,0.25,0.25,3.0,0.0,0.0,1.0,104.25,True,False,False,False,False,False,225,0,0,0.0,1,3685,1.88,0.25,300.8,False,False,False,False,True,False,False,False,True,False,False,False,False,True,False,False,False,False,False,True,True,False,False,True,False
A-bb3bd4,Company_340,2024-01-27,23,False,False,541,7,0,2,0,1,7452,4577,1064.6,1.0,472,437,0.0,2,30,18,1560.2,11,0.033,10.5,0.3667,0.45,11.0,32.7,106.4,4.09,0.0,0.273,0.0,2.0,0.0,0.0,1.0,0.0,False,False,False,True,False,False,221,0,0,0.0,1,7452,1.3,0.478,324.0,False,False,False,False,True,False,False,False,False,False,False,True,True,False,False,False,False,True,False,False,True,False,False,True,False
A-09316c,Company_341,2024-09-11,70,False,False,313,11,0,2,0,1,70000,13930,6363.6,0.909,305,13930,0.0,2,54,28,2491.0,31,0.093,10.48,0.5741,0.7,4.0,54.8,106.2,3.75,1.0,0.0,0.25,1.0,0.0,0.0,0.0,0.0,False,False,False,False,False,True,206,0,0,0.0,1,70000,0.77,0.057,1000.0,False,False,False,True,False,True,False,False,False,False,False,False,False,False,True,False,False,False,True,False,False,True,False,True,False
A-96bbc6,Company_342,2024-05-07,39,False,False,440,8,0,3,1,0,30426,11144,3803.2,0.875,424,741,0.0,2,49,30,2546.8,25,0.102,9.84,0.5102,0.75,3.0,51.3,67.0,3.33,0.0,0.0,0.0,3.0,1.0,0.0,1.0,125.6,False,True,False,False,False,False,207,0,0,0.0,1,30426,1.26,0.077,780.2,True,False,False,False,False,False,False,False,False,False,False,True,False,False,True,False,False,False,True,False,True,False,False,False,True
A-bc4d48,Company_343,2024-06-12,35,True,False,404,7,0,1,0,1,12390,6965,1770.0,0.571,390,665,0.0,1,32,24,1489.8,9,0.031,10.03,0.2812,0.6,6.0,41.2,65.8,4.17,1.0,0.167,0.167,0.0,0.0,0.0,0.0,0.0,0,0,0,0,0,0,210,0,0,0.0,1,12390,0.91,0.171,354.0,False,False,True,False,False,False,False,False,False,False,False,True,True,False,False,False,False,False,False,True,True,False,False,True,False
A-b30291,Company_344,2024-04-05,5,True,True,472,10,1,0,0,3,5375,3184,537.5,1.0,207,245,0.1,0,48,26,2685.0,31,0.167,10.81,0.6458,0.65,1.0,16.0,1.0,4.0,0.0,1.0,0.0,1.0,0.0,1.0,0.0,277.54,False,True,False,False,False,False,216,0,0,0.0,1,5375,9.6,0.2,1075.0,False,False,False,False,True,False,False,False,False,False,False,True,False,True,False,False,False,True,False,False,False,False,True,True,False
A-cdf020,Company_345,2023-08-16,23,False,False,705,8,3,2,0,1,18072,4577,2259.0,0.75,345,2156,0.375,2,40,25,1992.0,18,0.1,9.48,0.45,0.625,4.0,29.5,39.2,4.0,0.0,0.25,0.0,2.0,1.0,0.0,0.0,105.26,True,False,False,False,False,False,238,0,0,0.0,1,9771,1.74,0.174,785.7,False,True,False,False,False,True,False,False,False,False,False,False,False,False,True,False,False,False,False,True,False,False,True,False,True
A-e6afc1,Company_346,2023-02-24,1,False,False,878,11,0,0,0,2,22582,10149,2052.9,0.818,789,0,0.0,0,71,32,3271.4,30,0.085,9.56,0.4225,0.8,0.0,0.0,0.0,0.0,0.0,0.0,0.0,0.0,0.0,0.0,0.0,0.0,0,0,0,0,0,0,217,0,0,0.0,1,22582,71.0,0.0,22582.0,False,True,False,False,False,False,False,False,False,False,False,True,True,False,False,False,False,False,False,True,False,False,True,False,True
A-e3bd71,Company_347,2023-03-25,31,False,False,849,11,1,1,1,1,41630,6169,3784.5,0.727,392,1519,0.09090909090909091,0,61,32,3117.1,27,0.049,10.46,0.4426,0.8,4.0,30.2,119.0,4.0,0.0,0.25,0.0,1.0,0.0,1.0,0.0,0.0,False,False,False,False,True,False,213,0,0,0.0,1,35461,1.97,0.129,1342.9,True,False,False,False,False,False,False,False,False,False,False,True,False,False,False,False,True,True,False,False,False,False,True,True,False
A-b179bf,Company_348,2024-10-27,43,False,False,267,5,0,0,0,2,17931,8557,3586.2,1.0,267,0,0.0,0,39,23,1847.6,18,0.128,10.21,0.4615,0.575,6.0,24.7,94.3,4.0,0.0,0.333,0.0,3.0,0.0,0.0,0.0,0.0,False,False,True,False,False,False,216,0,0,0.0,1,17931,0.91,0.14,417.0,True,False,False,False,False,False,False,False,False,True,False,False,True,False,False,False,False,True,False,False,False,False,True,True,False
A-098560,Company_349,2023-10-21,1,False,True,639,11,1,1,0,1,12326,5771,1120.5,0.727,316,796,0.09090909090909091,1,55,32,2905.0,32,0.145,10.31,0.5818,0.8,2.0,28.0,100.0,3.0,1.0,0.0,0.5,2.0,0.0,0.0,0.0,34.35,False,False,False,True,False,False,211,0,0,0.0,1,11775,55.0,2.0,12326.0,False,True,False,False,False,False,False,False,False,False,True,False,True,False,False,False,False,False,True,False,False,True,False,False,True
A-82861f,Company_350,2024-04-25,41,False,False,452,10,3,0,0,0,43633,10547,4363.3,0.8,181,8159,0.3,0,50,28,2181.2,43,0.08,9.24,0.86,0.7,5.0,24.4,55.0,3.2,0.0,0.4,0.0,1.0,0.0,0.0,0.0,0.0,False,False,False,False,True,False,227,0,0,0.0,1,32686,1.22,0.122,1064.2,False,True,False,False,False,False,False,False,False,False,True,False,False,False,True,False,False,True,False,False,False,True,False,True,False
A-94c3cd,Company_351,2023-09-20,32,False,False,670,6,0,0,0,3,9036,6368,1506.0,0.667,562,6368,0.0,0,31,18,1736.6,18,0.129,9.87,0.5806,0.45,4.0,44.8,116.5,3.75,1.0,0.25,0.25,0.0,0.0,0.0,0.0,0.0,0,0,0,0,0,0,222,0,0,0.0,1,9036,0.97,0.125,282.4,False,False,False,True,False,False,True,False,False,False,False,False,False,False,False,True,False,False,True,False,False,True,False,False,True
A-a33200,Company_352,2024-09-15,29,False,False,309,12,1,1,0,0,28913,5771,2409.4,0.75,59,551,0.08333333333333333,1,55,33,2516.6,26,0.091,9.4,0.4727,0.825,3.0,36.3,88.3,4.33,0.0,0.333,0.0,1.0,0.0,0.0,1.0,21.61,False,False,True,False,False,False,222,0,0,0.0,1,23142,1.9,0.103,997.0,False,False,False,False,True,False,False,False,False,False,False,True,False,False,False,False,True,True,False,False,True,False,False,False,True
A-034368,Company_353,2023-11-05,19,False,False,624,5,0,0,0,1,11194,5572,2238.8,0.8,585,4577,0.0,0,28,20,1340.4,25,0.143,9.46,0.8929,0.5,5.0,41.2,91.8,4.0,0.0,0.2,0.0,1.0,0.0,0.0,1.0,0.0,False,False,True,False,False,False,220,0,0,0.0,1,11194,1.47,0.263,589.2,False,False,True,False,False,False,False,False,False,False,False,True,False,True,False,False,False,False,True,False,False,True,False,False,True
A-b54c01,Company_354,2024-09-29,29,False,False,295,4,0,0,0,1,3393,1421,848.2,0.75,287,551,0.0,0,23,15,1082.9,17,0.13,9.83,0.7391,0.375,5.0,42.6,77.2,3.6,0.0,0.0,0.0,1.0,0.0,0.0,1.0,0.0,True,False,False,False,False,False,289,0,0,0.0,1,3393,0.79,0.172,117.0,False,True,False,False,False,False,False,False,False,False,False,True,False,True,False,False,False,False,True,False,True,False,False,True,False
A-d82ef9,Company_355,2024-07-02,26,False,True,384,14,1,1,2,5,14327,5174,1023.4,0.643,133,494,0.07142857142857142,-1,68,32,3233.7,46,0.074,9.99,0.6765,0.8,5.0,39.8,91.6,4.2,1.0,0.4,0.2,1.0,0.0,0.0,0.0,74.94,True,False,False,False,False,False,204,0,0,0.0,1,13320,2.62,0.192,551.0,False,False,True,False,False,False,False,False,False,False,True,False,False,False,False,True,False,True,False,False,True,False,False,False,True
A-bb2f49,Company_356,2023-05-28,8,False,False,785,11,1,2,1,1,23990,9751,2180.9,0.909,549,1372,0.09090909090909091,1,60,31,3167.8,42,0.033,10.3,0.7,0.775,3.0,22.3,102.3,4.0,0.0,0.333,0.0,0.0,0.0,0.0,0.0,0.0,0,0,0,0,0,0,203,0,0,0.0,1,23990,7.5,0.375,2998.8,True,False,False,False,False,False,False,False,False,False,False,True,False,False,False,True,False,False,False,True,False,False,True,False,True
A-1f559b,Company_357,2023-09-04,5,True,True,686,10,2,0,1,0,11756,5174,1175.6,0.6,292,190,0.2,-1,40,29,1954.4,27,0.1,10.0,0.675,0.725,5.0,50.4,116.2,4.2,0.0,0.4,0.0,1.0,0.0,0.0,0.0,0.0,False,False,True,False,False,False,242,0,0,0.0,1,10350,8.0,1.0,2351.2,False,False,False,False,True,False,False,False,False,False,False,True,False,False,True,False,False,False,True,False,True,False,False,True,False
A-5a215a,Company_358,2024-01-05,87,False,False,563,18,6,2,0,4,130152,17313,7230.7,0.833,334,4263,0.3333333333333333,2,80,32,4527.5,71,0.1,10.09,0.8875,0.8,4.0,29.5,38.0,4.0,0.0,0.5,0.0,0.0,0.0,0.0,0.0,0.0,0,0,0,0,0,0,209,0,0,0.0,1,69687,0.92,0.046,1496.0,False,False,True,False,False,False,False,False,True,False,False,False,False,False,False,True,False,False,True,False,False,False,True,True,False
A-3f9cc0,Company_359,2024-06-03,22,False,False,413,7,0,1,2,1,19940,5970,2848.6,0.714,393,5970,0.0,-1,42,25,2072.0,24,0.0,9.69,0.5714,0.625,5.0,34.8,112.6,4.2,1.0,0.4,0.2,3.0,1.0,0.0,0.0,0.0,True,False,False,False,False,False,213,0,0,0.0,1,19940,1.91,0.227,906.4,False,False,False,False,True,False,False,False,False,False,False,True,False,True,False,False,False,True,False,False,False,True,False,False,True
A-f9cc74,Company_360,2024-10-12,30,True,False,282,10,1,1,0,4,15557,5970,1555.7,0.8,44,0,0.1,1,50,30,2180.4,22,0.14,9.68,0.44,0.75,6.0,49.8,118.3,4.0,0.0,0.0,0.0,0.0,0.0,0.0,0.0,0.0,0,0,0,0,0,0,202,0,0,0.0,1,14550,1.67,0.2,518.6,False,True,False,False,False,False,False,False,True,False,False,False,False,False,False,False,True,False,True,False,False,False,True,False,True
A-ed510f,Company_361,2023-01-17,42,False,False,916,10,1,2,0,1,36162,8358,3616.2,0.7,214,2058,0.1,2,49,27,2679.1,28,0.102,10.06,0.5714,0.675,9.0,44.6,82.6,4.0,0.0,0.333,0.0,1.0,0.0,0.0,0.0,0.0,True,False,False,False,False,False,216,0,0,0.0,1,35364,1.17,0.214,861.0,True,False,False,False,False,False,False,False,False,True,False,False,False,False,False,False,True,True,False,False,False,False,True,False,True
A-5c9849,Company_362,2024-11-03,19,False,False,260,9,1,2,0,3,36755,18109,4083.9,0.778,36,931,0.1111111111111111,2,46,30,2524.7,23,0.043,10.28,0.5,0.75,4.0,59.5,41.0,4.0,1.0,0.5,0.25,1.0,0.0,1.0,0.0,0.0,False,False,False,False,False,True,215,0,0,0.0,1,18646,2.42,0.211,1934.5,False,False,True,False,False,False,False,False,False,True,False,False,False,False,False,False,True,True,False,False,False,False,True,False,True
A-a7bd4b,Company_363,2023-02-15,5,False,False,887,11,3,2,0,2,6268,2499,569.8,0.818,592,342,0.2727272727272727,2,55,29,2779.5,37,0.091,10.47,0.6727,0.725,6.0,36.8,86.2,3.5,0.0,0.167,0.0,1.0,0.0,0.0,0.0,0.0,False,False,True,False,False,False,205,0,0,0.0,1,5102,11.0,1.2,1253.6,True,False,False,False,False,False,False,False,False,False,False,True,True,False,False,False,False,False,True,False,True,False,False,False,True
A-d4ac0e,Company_364,2024-04-20,18,False,False,457,19,1,3,0,2,27557,5572,1450.4,0.895,220,882,0.05263157894736842,3,80,38,4093.6,53,0.112,9.91,0.6625,0.95,4.0,21.0,34.0,3.75,0.0,0.0,0.0,0.0,0.0,0.0,0.0,0.0,0,0,0,0,0,0,207,0,0,0.0,1,27215,4.44,0.222,1530.9,False,True,False,False,False,False,False,False,False,False,True,False,True,False,False,False,False,True,False,False,False,False,True,False,True
A-ffdfd5,Company_365,2024-04-13,3,False,True,464,10,1,1,0,2,14322,5970,1432.2,0.8,251,147,0.1,1,52,29,2326.8,28,0.077,10.17,0.5385,0.725,0.0,0.0,0.0,0.0,0.0,0.0,0.0,1.0,0.0,0.0,0.0,0.0,False,False,True,False,False,False,212,0,0,0.0,1,14175,17.33,0.0,4774.0,False,False,True,False,False,False,False,False,False,False,False,True,False,False,True,False,False,True,False,False,False,False,True,False,True
A-0dbdc6,Company_366,2023-02-12,30,False,True,890,9,0,0,0,1,28273,9950,3141.4,0.889,768,2303,0.0,0,52,32,2585.1,31,0.115,9.85,0.5962,0.8,4.0,47.0,95.2,4.25,0.0,0.0,0.0,2.0,0.0,1.0,0.0,175.02,False,False,False,True,False,False,202,0,0,0.0,1,28273,1.73,0.133,942.4,True,False,False,False,False,False,False,True,False,False,False,False,False,False,False,True,False,False,False,True,False,False,True,True,False
A-7cfe77,Company_367,2024-07-10,69,False,False,376,5,0,1,1,0,12765,3381,2553.0,1.0,356,1311,0.0,0,19,16,959.7,11,0.053,10.79,0.5789,0.4,7.0,30.7,105.6,3.71,0.0,0.143,0.0,2.0,0.0,1.0,0.0,0.0,False,False,True,False,False,False,202,0,0,0.0,1,12765,0.28,0.101,185.0,False,True,False,False,False,False,False,False,False,False,False,True,True,False,False,False,False,False,False,True,True,False,False,True,False
A-1f0636,Company_368,2024-01-01,105,False,False,567,11,1,3,0,3,94710,20895,8610.0,0.818,246,20895,0.09090909090909091,3,68,32,3535.3,30,0.059,10.07,0.4412,0.8,2.0,38.5,75.0,3.5,0.0,0.0,0.0,0.0,0.0,0.0,0.0,0.0,0,0,0,0,0,0,204,0,0,0.0,1,94710,0.65,0.019,902.0,False,False,True,False,False,True,False,False,False,False,False,False,False,False,False,False,True,False,False,True,False,True,False,True,False
A-40de06,Company_369,2023-05-08,28,False,True,805,16,2,2,1,2,28862,5572,1803.9,0.812,575,532,0.125,1,91,37,4456.7,43,0.154,9.91,0.4725,0.925,3.0,40.3,67.7,4.0,0.0,0.333,0.0,0.0,0.0,0.0,0.0,0.0,0,0,0,0,0,0,216,0,0,0.0,1,21918,3.25,0.107,1030.8,True,False,False,False,False,False,False,False,False,False,False,True,False,True,False,False,False,False,True,False,True,False,False,True,False
A-cb5333,Company_370,2024-03-26,33,False,False,482,16,1,0,1,3,26256,6567,1641.0,0.75,72,1617,0.0625,-1,82,36,4396.1,34,0.098,9.71,0.4146,0.9,4.0,30.8,85.8,3.75,0.0,0.25,0.0,1.0,0.0,0.0,0.0,0.0,False,False,True,False,False,False,212,0,0,0.0,1,24639,2.48,0.121,795.6,False,True,False,False,False,False,False,False,False,False,False,True,True,False,False,False,False,False,False,True,False,False,True,False,True
A-309e54,Company_371,2024-12-09,15,False,False,224,11,1,0,1,3,28549,11741,2595.4,1.0,17,285,0.09090909090909091,-1,52,28,2803.3,24,0.058,9.79,0.4615,0.7,5.0,23.8,90.2,3.8,0.0,0.4,0.0,1.0,0.0,0.0,0.0,106.67,False,False,False,False,True,False,216,0,0,0.0,1,26932,3.47,0.333,1903.3,False,True,False,False,False,False,False,False,False,False,False,True,False,False,False,True,False,False,False,True,True,False,False,True,False
A-6e7827,Company_372,2023-03-26,1,False,False,848,9,1,3,0,0,8344,2450,927.1,0.778,507,833,0.1111111111111111,3,41,24,2055.1,31,0.073,10.22,0.7561,0.6,2.0,51.0,83.5,3.5,0.0,0.0,0.0,2.0,0.0,0.0,0.0,0.0,False,False,True,False,False,False,212,0,0,0.0,1,5894,41.0,2.0,8344.0,False,True,False,False,False,False,False,False,False,False,False,True,False,False,False,True,False,True,False,False,False,False,True,True,False
A-50bb9f,Company_373,2024-07-12,2,False,False,374,8,1,2,0,0,17263,6965,2157.9,0.875,155,2646,0.125,2,24,18,1655.5,15,0.208,11.5,0.625,0.45,7.0,33.3,74.7,4.0,0.0,0.286,0.0,2.0,1.0,1.0,0.0,0.0,False,False,False,False,False,True,210,0,0,0.0,1,15499,12.0,3.5,8631.5,True,False,False,False,False,False,False,False,False,False,False,True,False,False,True,False,False,False,False,True,False,False,True,True,False
A-5fe118,Company_374,2024-11-07,39,False,False,256,5,0,0,0,1,22290,7761,4458.0,0.8,231,0,0.0,0,21,14,998.4,12,0.238,11.1,0.5714,0.35,1.0,19.0,26.0,4.0,0.0,1.0,0.0,1.0,0.0,0.0,0.0,114.86,False,False,True,False,False,False,214,0,0,0.0,1,22290,0.54,0.026,571.5,True,False,False,False,False,False,False,False,False,False,False,True,False,False,False,True,False,False,True,False,True,False,False,False,True
A-5247b3,Company_375,2024-03-12,16,True,False,496,11,1,3,0,2,11791,3184,1071.9,0.909,241,1406,0.09090909090909091,3,60,32,2953.5,29,0.15,10.17,0.4833,0.8,5.0,45.8,96.6,4.0,0.0,0.4,0.0,2.0,0.0,1.0,0.0,28.84,False,False,False,True,False,False,227,0,0,0.0,1,11791,3.75,0.312,736.9,False,False,False,True,False,False,False,False,False,False,True,False,False,False,False,False,True,False,False,True,True,False,False,True,False
A-f44180,Company_376,2023-02-13,9,False,False,889,11,2,0,0,3,28788,17711,2617.1,0.727,585,0,0.18181818181818182,0,52,27,2735.4,22,0.192,10.0,0.4231,0.675,2.0,46.5,123.0,5.0,0.0,0.5,0.0,1.0,0.0,0.0,0.0,38.15,False,True,False,False,False,False,218,0,0,0.0,1,9286,5.78,0.222,3198.7,True,False,False,False,False,False,False,False,False,False,True,False,False,True,False,False,False,False,False,True,True,False,False,True,False
A-c16cf7,Company_377,2024-10-16,13,True,False,278,10,1,0,0,1,12274,4776,1227.4,0.8,25,665,0.1,0,58,33,2414.1,26,0.138,9.95,0.4483,0.825,3.0,48.3,111.7,3.67,0.0,0.0,0.0,2.0,0.0,0.0,1.0,0.0,True,False,False,False,False,False,205,0,0,0.0,1,7498,4.46,0.231,944.2,False,False,True,False,False,False,False,False,False,False,False,True,False,True,False,False,False,False,False,True,True,False,False,True,False
A-d42431,Company_378,2024-06-09,22,True,False,407,9,1,1,1,0,21160,4378,2351.1,0.778,186,4378,0.1111111111111111,0,47,26,2231.1,34,0.128,9.72,0.7234,0.65,4.0,24.2,119.5,4.0,0.0,0.5,0.0,2.0,0.0,0.0,1.0,17.42,True,False,False,False,False,False,227,0,0,0.0,1,20742,2.14,0.182,961.8,False,False,False,True,False,False,False,False,True,False,False,False,True,False,False,False,False,False,True,False,False,True,False,True,False
A-6965e1,Company_379,2024-11-25,13,False,False,238,12,0,1,1,1,27765,7562,2313.8,0.667,228,247,0.0,0,59,27,3135.9,29,0.068,10.63,0.4915,0.675,3.0,39.0,128.3,3.67,0.0,0.0,0.0,3.0,0.0,0.0,0.0,0.0,True,False,False,False,False,False,205,0,0,0.0,1,27765,4.54,0.231,2135.8,False,True,False,False,False,False,False,False,False,False,False,True,False,False,True,False,False,True,False,False,True,False,False,False,True
A-0354fe,Company_380,2024-10-22,34,False,False,272,7,1,1,0,2,15470,6766,2210.0,0.714,17,0,0.14285714285714285,1,45,28,2540.6,30,0.067,10.29,0.6667,0.7,4.0,20.0,69.2,4.0,0.0,0.0,0.0,2.0,0.0,1.0,0.0,0.0,False,False,False,False,True,False,202,0,0,0.0,1,14824,1.32,0.118,455.0,True,False,False,False,False,False,False,False,False,False,False,True,False,False,False,True,False,True,False,False,True,False,False,True,False
A-0a62f5,Company_381,2024-09-11,16,False,False,313,4,0,0,0,0,4861,3184,1215.2,1.0,308,475,0.0,0,25,20,1248.2,7,0.08,9.76,0.28,0.5,2.0,33.5,105.0,4.0,0.0,0.5,0.0,5.0,0.0,1.0,1.0,156.45,True,False,False,False,False,False,243,0,0,0.0,1,4861,1.56,0.125,303.8,False,False,False,True,False,False,False,False,False,False,True,False,False,False,False,False,True,False,False,True,True,False,False,False,True
A-f5641b,Company_382,2024-03-30,31,False,False,478,10,1,1,1,1,39120,8955,3912.0,0.6,92,8955,0.1,0,39,27,2360.8,18,0.103,11.23,0.4615,0.675,4.0,47.5,98.0,3.5,1.0,0.25,0.25,2.0,0.0,0.0,0.0,0.0,False,False,True,False,False,False,222,0,0,0.0,1,32951,1.26,0.129,1261.9,False,False,True,False,False,False,False,False,False,False,False,True,False,False,False,True,False,False,False,True,False,True,False,False,True
A-b44e3e,Company_383,2024-02-12,40,False,False,525,7,1,3,0,1,43521,15721,6217.3,0.857,303,7960,0.14285714285714285,3,38,20,1915.2,13,0.105,10.18,0.3421,0.5,3.0,40.0,75.3,4.33,0.0,0.667,0.0,1.0,0.0,0.0,0.0,0.0,False,False,False,False,False,True,234,0,0,0.0,1,35561,0.95,0.075,1088.0,True,False,False,False,False,False,False,False,False,False,True,False,True,False,False,False,False,True,False,False,False,True,False,True,False
A-3b37d9,Company_384,2023-01-27,23,False,False,906,7,1,2,0,2,19435,4577,2776.4,0.857,596,4577,0.14285714285714285,2,43,26,2135.3,21,0.047,10.49,0.4884,0.65,5.0,36.0,89.8,4.2,0.0,0.2,0.0,2.0,0.0,0.0,0.0,0.0,True,False,False,False,False,False,219,0,0,0.0,1,14858,1.87,0.217,845.0,False,False,False,True,False,False,False,False,False,False,False,True,False,True,False,False,False,False,True,False,False,True,False,True,False
A-54d94a,Company_385,2023-05-01,27,False,False,812,11,1,1,1,1,12557,2548,1141.5,0.909,60,513,0.09090909090909091,0,59,30,2902.7,28,0.119,9.86,0.4746,0.75,4.0,53.8,82.8,3.75,0.0,0.0,0.0,0.0,0.0,0.0,0.0,0.0,0,0,0,0,0,0,203,0,0,0.0,1,12557,2.19,0.148,465.1,True,False,False,False,False,False,False,False,False,True,False,False,False,True,False,False,False,True,False,False,True,False,False,True,False
A-7f29a7,Company_386,2024-09-18,41,True,False,306,11,3,0,0,1,18860,8159,1714.5,0.636,90,779,0.2727272727272727,0,62,32,2953.5,38,0.145,9.98,0.6129,0.8,1.0,24.0,5.0,4.0,0.0,1.0,0.0,1.0,0.0,0.0,1.0,23.97,False,False,False,False,False,True,219,0,0,0.0,1,9143,1.51,0.024,460.0,True,False,False,False,False,False,False,False,False,False,True,False,False,True,False,False,False,True,False,False,True,False,False,False,True
A-089363,Company_387,2023-05-06,2,False,False,807,14,2,2,0,5,21104,8557,1507.4,0.571,577,0,0.14285714285714285,2,61,30,3274.8,33,0.148,10.3,0.541,0.75,3.0,35.0,91.3,3.67,0.0,0.0,0.0,1.0,0.0,0.0,0.0,0.0,False,False,False,True,False,False,228,0,0,0.0,1,7373,30.5,1.5,10552.0,False,False,False,True,False,True,False,False,False,False,False,False,False,True,False,False,False,True,False,False,False,True,False,True,False
A-524364,Company_388,2024-12-31,3,False,False,202,6,0,0,0,2,9552,8557,1592.0,1.0,202,0,0.0,0,26,18,1209.5,24,0.077,9.12,0.9231,0.45,3.0,47.7,75.3,4.33,0.0,0.333,0.0,0.0,0.0,0.0,0.0,0.0,0,0,0,0,0,0,301,0,0,0.0,1,9552,8.67,1.0,3184.0,False,True,False,False,False,False,False,False,True,False,False,False,False,False,False,False,True,False,True,False,False,True,False,True,False
A-855a48,Company_389,2023-12-22,14,True,False,577,8,0,0,1,0,30376,11940,3797.0,0.375,538,11940,0.0,-1,44,26,2431.8,16,0.159,10.18,0.3636,0.65,5.0,39.6,122.0,3.8,0.0,0.2,0.0,1.0,0.0,0.0,0.0,7.92,False,False,False,False,False,True,244,0,0,0.0,1,30376,3.14,0.357,2169.7,False,False,True,False,False,False,False,False,False,False,False,True,False,False,False,False,True,False,False,True,False,True,False,True,False
A-756192,Company_390,2023-06-11,19,False,False,771,10,0,1,0,2,21400,7761,2140.0,0.8,673,1862,0.0,1,64,32,3059.8,43,0.047,9.64,0.6719,0.8,3.0,37.3,102.3,4.0,0.0,0.667,0.0,0.0,0.0,0.0,0.0,0.0,0,0,0,0,0,0,204,0,0,0.0,1,21400,3.37,0.158,1126.3,False,False,False,True,False,False,False,False,False,True,False,False,False,False,False,True,False,True,False,False,False,False,True,True,False
A-49b828,Company_391,2023-05-05,6,False,False,808,14,0,2,0,1,31108,9751,2222.0,0.929,802,3980,0.0,2,65,29,3119.7,45,0.154,10.57,0.6923,0.725,3.0,13.7,87.7,3.67,1.0,0.0,0.333,0.0,0.0,0.0,0.0,0.0,0,0,0,0,0,0,212,0,0,0.0,1,31108,10.83,0.5,5184.7,False,False,False,True,False,False,False,False,False,True,False,False,True,False,False,False,False,False,False,True,False,True,False,True,False
A-c7ffc2,Company_392,2023-01-27,30,True,False,906,12,0,3,0,0,36112,6468,3009.3,0.75,788,931,0.0,3,62,30,3349.3,28,0.097,10.32,0.4516,0.75,2.0,64.0,86.0,3.5,0.0,0.0,0.0,2.0,0.0,0.0,0.0,174.92,True,False,False,False,False,False,203,0,0,0.0,1,36112,2.07,0.067,1203.7,True,False,False,False,False,False,False,False,False,False,False,True,False,False,False,False,True,False,False,True,True,False,False,False,True
A-751c58,Company_393,2024-07-18,15,False,False,368,11,0,4,0,2,19597,5174,1781.5,0.818,357,1349,0.0,4,53,31,2990.1,12,0.057,10.83,0.2264,0.775,5.0,39.6,130.0,4.2,0.0,0.0,0.0,3.0,1.0,0.0,0.0,64.22,True,False,False,False,False,False,204,0,0,0.0,1,19597,3.53,0.333,1306.5,False,False,False,True,False,False,False,False,False,False,True,False,False,False,True,False,False,True,False,False,True,False,False,True,False
A-72799b,Company_394,2023-11-13,20,False,True,616,10,1,2,1,2,17315,3980,1731.5,0.8,318,2989,0.1,1,56,31,2583.3,34,0.179,9.82,0.6071,0.775,2.0,33.5,80.0,4.5,1.0,0.0,0.5,1.0,0.0,0.0,1.0,0.0,False,False,False,True,False,False,206,0,0,0.0,1,16935,2.8,0.1,865.8,False,True,False,False,False,False,False,False,True,False,False,False,False,True,False,False,False,False,True,False,False,False,True,True,False
A-812c5b,Company_395,2024-02-25,55,False,True,512,13,0,0,0,4,29884,10945,2298.8,0.923,474,2695,0.0,0,88,33,4493.2,46,0.125,9.84,0.5227,0.825,4.0,27.0,88.2,4.0,0.0,0.5,0.0,1.0,0.0,0.0,0.0,11.83,False,False,False,False,True,False,205,0,0,0.0,1,29884,1.6,0.073,543.3,False,True,False,False,False,False,True,False,False,False,False,False,False,False,True,False,False,True,False,False,False,False,True,False,True
A-69b156,Company_396,2023-11-21,7,False,True,608,9,2,0,2,1,14293,5572,1588.1,0.778,369,152,0.2222222222222222,-2,36,24,1708.0,20,0.056,10.0,0.5556,0.6,7.0,32.0,100.6,4.0,0.0,0.0,0.0,0.0,0.0,0.0,0.0,0.0,0,0,0,0,0,0,221,0,0,0.0,1,13798,5.14,1.0,2041.9,False,False,True,False,False,False,False,False,False,False,False,True,False,False,False,True,False,False,False,True,True,False,False,False,True
A-075038,Company_397,2023-05-12,17,False,False,801,14,0,1,0,3,18909,5047,1350.6,0.786,738,798,0.0,1,70,32,3312.1,31,0.129,10.61,0.4429,0.8,2.0,43.5,54.0,3.0,0.0,0.0,0.0,1.0,0.0,0.0,0.0,6.38,False,False,True,False,False,False,212,0,0,0.0,1,18909,4.12,0.118,1112.3,False,False,False,False,True,False,False,False,False,False,True,False,True,False,False,False,False,True,False,False,True,False,False,False,True
A-940b8b,Company_398,2024-03-19,1,False,False,489,8,0,1,1,3,9640,6368,1205.0,0.75,476,0,0.0,0,35,23,2019.7,32,0.086,10.34,0.9143,0.575,3.0,41.3,89.3,4.0,0.0,0.333,0.0,0.0,0.0,0.0,0.0,0.0,0,0,0,0,0,0,266,0,0,0.0,1,9640,35.0,3.0,9640.0,False,False,False,False,True,False,False,True,False,False,False,False,False,False,True,False,False,True,False,False,False,True,False,True,False
A-2d1036,Company_399,2024-06-14,69,False,True,402,13,3,0,1,0,64653,13731,4973.3,0.769,168,3381,0.23076923076923078,-1,69,31,3022.2,40,0.145,10.03,0.5797,0.775,5.0,37.8,49.0,4.6,1.0,0.2,0.2,2.0,1.0,0.0,1.0,39.09,True,False,False,False,False,False,203,0,0,0.0,1,46230,1.0,0.072,937.0,False,False,False,True,False,False,False,False,False,False,False,True,True,False,False,False,False,False,False,True,False,False,True,False,True
A-0f6450,Company_400,2024-12-27,28,True,True,206,11,0,0,0,1,23800,5572,2163.6,0.727,206,5572,0.0,0,54,31,2911.2,39,0.148,9.98,0.7222,0.775,8.0,29.8,81.6,3.88,1.0,0.125,0.125,2.0,0.0,1.0,0.0,0.0,False,True,False,False,False,False,255,0,0,0.0,1,23800,1.93,0.286,850.0,False,False,False,True,False,False,False,False,False,False,False,True,False,False,False,True,False,False,False,True,False,True,False,False,True
A-9affe6,Company_401,2023-03-22,7,False,False,852,11,2,2,0,0,10636,1421,966.9,0.909,615,1127,0.18181818181818182,2,47,26,2414.2,16,0.064,10.06,0.3404,0.65,3.0,58.0,76.0,3.67,0.0,0.333,0.0,1.0,0.0,0.0,0.0,83.06,False,False,True,False,False,False,202,0,0,0.0,1,10142,6.71,0.429,1519.4,True,False,False,False,False,False,False,False,False,False,False,True,False,False,False,True,False,False,False,True,False,False,True,False,True
A-80eeb6,Company_402,2023-05-09,22,False,False,804,16,3,4,1,1,68489,17711,4280.6,0.938,535,4378,0.1875,3,76,38,3698.4,43,0.118,9.54,0.5658,0.95,4.0,40.2,68.2,3.75,1.0,0.25,0.25,2.0,0.0,0.0,0.0,0.0,True,False,False,False,False,False,210,0,0,0.0,1,58291,3.45,0.182,3113.1,True,False,False,False,False,False,False,False,False,False,True,False,False,False,True,False,False,False,True,False,False,True,False,True,False
A-d4e0d4,Company_403,2024-10-18,117,False,False,276,10,1,1,1,0,138060,23283,13806.0,0.9,46,23283,0.1,0,49,30,2412.8,33,0.122,9.96,0.6735,0.75,4.0,39.2,76.2,4.0,0.0,0.0,0.0,0.0,0.0,0.0,0.0,0.0,0,0,0,0,0,0,229,0,0,0.0,1,114777,0.42,0.034,1180.0,False,False,False,True,False,False,False,False,False,False,False,True,False,False,False,True,False,True,False,False,False,True,False,True,False
A-c7e58b,Company_404,2023-06-25,3,False,False,757,7,0,0,0,1,5384,1990,769.1,0.571,691,0,0.0,0,34,22,1764.2,18,0.029,10.09,0.5294,0.55,5.0,30.6,98.4,3.6,0.0,0.2,0.0,0.0,0.0,0.0,0.0,0.0,0,0,0,0,0,0,244,0,0,0.0,1,5384,11.33,1.667,1794.7,False,False,False,False,True,False,False,False,False,True,False,False,False,False,False,True,False,False,False,True,False,False,True,False,True
A-016043,Company_405,2024-07-31,4,True,False,355,11,1,3,0,2,16516,4776,1501.5,0.545,141,494,0.09090909090909091,3,47,26,2201.2,21,0.064,10.43,0.4468,0.65,3.0,30.3,78.0,4.0,0.0,0.0,0.0,1.0,0.0,0.0,0.0,84.75,False,True,False,False,False,False,202,0,0,0.0,1,11740,11.75,0.75,4129.0,False,False,True,False,False,False,True,False,False,False,False,False,False,False,True,False,False,True,False,False,True,False,False,False,True
A-bbe56f,Company_406,2023-02-16,21,False,False,886,5,0,1,0,1,6025,4179,1205.0,1.0,692,418,0.0,1,22,13,1010.1,8,0.182,10.55,0.3636,0.325,4.0,26.2,120.5,4.0,0.0,0.25,0.0,0.0,0.0,0.0,0.0,0.0,0,0,0,0,0,0,231,0,0,0.0,1,6025,1.05,0.19,286.9,False,False,False,False,True,False,False,False,False,False,False,True,True,False,False,False,False,False,True,False,True,False,False,True,False
A-7c5768,Company_407,2024-03-02,3,False,False,506,9,0,0,0,3,3389,1178,376.6,0.889,503,0,0.0,0,46,27,2371.3,31,0.087,10.02,0.6739,0.675,5.0,28.8,96.4,4.0,0.0,0.4,0.0,0.0,0.0,0.0,0.0,0.0,0,0,0,0,0,0,231,0,0,0.0,1,3389,15.33,1.667,1129.7,False,False,False,False,True,False,False,False,False,False,True,False,False,True,False,False,False,False,True,False,False,True,False,False,True
A-751bd4,Company_408,2024-07-12,10,False,False,374,2,0,0,0,1,190,190,95.0,1.0,306,0,0.0,0,10,9,543.8,0,0.0,9.2,0.0,0.225,6.0,23.2,112.0,4.17,1.0,0.5,0.167,1.0,0.0,0.0,0.0,0.0,True,False,False,False,False,False,215,0,0,0.0,1,190,1.0,0.6,19.0,True,False,False,False,False,False,False,False,False,False,True,False,False,False,False,False,True,False,False,True,False,False,True,True,False
A-4e0e85,Company_409,2023-09-08,6,False,False,682,8,0,1,0,4,4544,1862,568.0,0.875,521,0,0.0,1,31,20,1340.3,9,0.065,9.29,0.2903,0.5,2.0,53.0,119.5,4.5,0.0,0.0,0.0,2.0,0.0,1.0,0.0,0.0,False,True,False,False,False,False,205,0,0,0.0,1,4544,5.17,0.333,757.3,False,True,False,False,False,False,False,False,False,False,False,True,False,False,True,False,False,False,True,False,False,True,False,True,False
A-ad3abd,Company_410,2023-03-03,44,False,False,871,7,3,0,0,1,16896,8756,2413.7,0.714,543,2156,0.42857142857142855,0,29,20,1581.1,11,0.034,10.21,0.3793,0.5,3.0,13.0,70.3,3.33,0.0,0.333,0.0,1.0,0.0,0.0,0.0,0.0,False,True,False,False,False,False,242,0,0,0.0,1,13904,0.66,0.068,384.0,False,False,False,True,False,False,False,False,False,False,False,True,False,True,False,False,False,False,False,True,False,False,True,False,True
A-e19ff6,Company_411,2023-07-28,1,False,False,724,12,0,1,0,4,4910,1960,409.2,0.583,712,1274,0.0,1,45,26,2414.1,24,0.022,10.13,0.5333,0.65,3.0,30.7,115.0,4.67,0.0,0.333,0.0,3.0,0.0,1.0,0.0,0.0,False,True,False,False,False,False,217,0,0,0.0,1,4910,45.0,3.0,4910.0,True,False,False,False,False,False,False,False,False,False,True,False,False,False,False,False,True,False,True,False,False,False,True,False,True
A-7920cc,Company_412,2023-11-23,39,False,False,606,16,0,1,0,2,52089,13731,3255.6,1.0,602,13731,0.0,1,62,32,2958.5,28,0.065,9.69,0.4516,0.8,7.0,32.9,113.4,4.14,0.0,0.143,0.0,0.0,0.0,0.0,0.0,0.0,0,0,0,0,0,0,213,0,0,0.0,1,52089,1.59,0.179,1335.6,True,False,False,False,False,False,False,False,True,False,False,False,True,False,False,False,False,False,False,True,False,True,False,True,False
A-5a92e7,Company_413,2024-06-11,4,False,False,405,19,2,0,0,4,12671,2107,666.9,0.789,185,0,0.10526315789473684,0,85,37,4605.6,76,0.094,10.41,0.8941,0.925,7.0,45.0,86.1,4.29,0.0,0.429,0.0,2.0,0.0,0.0,1.0,0.0,True,False,False,False,False,False,209,0,0,0.0,1,11666,21.25,1.75,3167.8,False,False,False,False,True,False,False,False,False,False,False,True,True,False,False,False,False,False,False,True,False,False,True,False,True
A-fdfc91,Company_414,2023-05-06,29,False,False,807,10,1,1,0,1,20612,9353,2061.2,0.9,469,2109,0.1,1,56,32,2635.7,29,0.018,10.07,0.5179,0.8,5.0,28.8,121.0,3.8,0.0,0.8,0.0,0.0,0.0,0.0,0.0,0.0,0,0,0,0,0,0,244,0,0,0.0,1,19191,1.93,0.172,710.8,True,False,False,False,False,False,False,False,False,False,False,True,True,False,False,False,False,True,False,False,True,False,False,False,True
A-1e50e0,Company_415,2023-02-21,19,True,True,881,5,1,1,0,1,13295,4802,2659.0,0.8,296,3781,0.2,1,20,17,1044.2,15,0.1,9.7,0.75,0.425,2.0,20.5,143.0,4.5,1.0,0.5,0.5,2.0,0.0,0.0,0.0,54.94,True,False,False,False,False,False,223,0,0,0.0,1,13295,1.05,0.105,699.7,True,False,False,False,False,False,False,True,False,False,False,False,False,False,False,True,False,False,False,True,False,True,False,True,False
A-1e1b80,Company_416,2023-09-12,50,False,False,678,12,0,1,0,2,48647,9950,4053.9,0.833,649,950,0.0,1,68,34,3488.6,47,0.029,10.03,0.6912,0.85,6.0,43.0,67.5,3.33,0.0,0.167,0.0,3.0,0.0,0.0,0.0,0.0,False,True,False,False,False,False,215,0,0,0.0,1,48647,1.36,0.12,972.9,False,False,False,True,False,False,True,False,False,False,False,False,False,False,False,True,False,False,True,False,True,False,False,True,False
A-659280,Company_417,2023-11-17,13,True,True,612,12,0,2,0,2,21450,6169,1787.5,0.25,604,0,0.0,2,60,30,3102.0,34,0.1,10.22,0.5667,0.75,4.0,8.0,123.8,4.25,0.0,0.0,0.0,2.0,0.0,0.0,0.0,27.75,False,False,True,False,False,False,209,0,0,0.0,1,21450,4.62,0.308,1650.0,False,False,False,True,False,False,False,False,False,True,False,False,False,True,False,False,False,False,True,False,True,False,False,True,False
A-f6b2fb,Company_418,2024-04-23,23,False,False,454,10,2,1,1,2,23359,9751,2335.9,0.8,214,437,0.2,0,55,29,2640.2,37,0.145,9.53,0.6727,0.725,5.0,55.0,88.6,4.0,1.0,0.0,0.2,1.0,0.0,0.0,1.0,0.0,False,False,False,False,True,False,209,0,0,0.0,1,22232,2.39,0.217,1015.6,False,True,False,False,False,True,False,False,False,False,False,False,False,True,False,False,False,True,False,False,True,False,False,False,True
A-cb6cc6,Company_419,2023-04-03,13,True,False,840,7,0,2,0,2,2622,1225,374.6,0.429,823,1225,0.0,2,35,21,1695.3,26,0.0,8.97,0.7429,0.525,3.0,16.3,131.7,3.67,0.0,0.0,0.0,0.0,0.0,0.0,0.0,0.0,0,0,0,0,0,0,212,0,0,0.0,1,2622,2.69,0.231,201.7,False,True,False,False,False,False,False,False,False,False,False,True,True,False,False,False,False,True,False,False,False,False,True,False,True
A-d62e02,Company_420,2024-08-20,6,False,False,335,10,0,1,1,0,21324,5373,2132.4,0.8,321,1194,0.0,0,34,25,2112.6,23,0.118,10.12,0.6765,0.625,1.0,36.0,31.0,4.0,0.0,0.0,0.0,0.0,0.0,0.0,0.0,0.0,0,0,0,0,0,0,211,0,0,0.0,1,21324,5.67,0.167,3554.0,True,False,False,False,False,False,False,False,False,False,False,True,False,False,False,False,True,False,False,True,False,True,False,False,True
A-d535f6,Company_421,2024-09-03,12,True,True,321,9,0,1,3,3,7415,2388,823.9,0.889,303,0,0.0,-2,47,26,2434.2,29,0.085,10.15,0.617,0.65,0.0,0.0,0.0,0.0,0.0,0.0,0.0,2.0,0.0,0.0,1.0,0.0,False,False,True,False,False,False,208,0,0,0.0,1,7415,3.92,0.0,617.9,False,True,False,False,False,False,False,False,False,False,False,True,False,False,True,False,False,True,False,False,False,True,False,False,True
A-39868b,Company_422,2024-03-17,9,False,False,491,5,0,1,0,1,4194,1791,838.8,0.4,452,0,0.0,1,28,22,1771.5,21,0.179,10.89,0.75,0.55,6.0,39.0,100.8,4.17,0.0,0.167,0.0,2.0,1.0,0.0,1.0,0.0,True,False,False,False,False,False,219,0,0,0.0,1,4194,3.11,0.667,466.0,False,False,False,True,False,True,False,False,False,False,False,False,False,False,False,False,True,False,False,True,True,False,False,True,False
A-3cc791,Company_423,2024-01-10,6,False,False,558,8,0,0,0,2,8522,4378,1065.2,0.75,537,1764,0.0,0,46,28,2483.9,30,0.109,9.72,0.6522,0.7,6.0,48.3,95.8,4.17,1.0,0.167,0.167,1.0,1.0,0.0,0.0,0.0,False,False,True,False,False,False,238,0,0,0.0,1,8522,7.67,1.0,1420.3,False,False,True,False,False,False,False,False,False,False,False,True,False,False,False,True,False,False,True,False,False,False,True,False,True
A-337bc1,Company_424,2023-07-19,30,True,False,733,7,0,2,2,2,19379,6766,2768.4,0.857,719,0,0.0,0,43,27,2351.9,34,0.093,9.88,0.7907,0.675,4.0,32.5,62.8,4.0,1.0,0.0,0.25,2.0,0.0,0.0,0.0,0.0,False,False,False,False,True,False,228,0,0,0.0,1,19379,1.43,0.133,646.0,True,False,False,False,False,False,False,False,False,False,False,True,False,False,True,False,False,False,False,True,False,False,True,True,False
A-58b9ff,Company_425,2024-05-31,2,False,False,416,13,1,1,1,2,22642,15124,1741.7,0.615,106,1617,0.07692307692307693,0,65,28,3345.4,32,0.108,10.26,0.4923,0.7,2.0,66.0,79.0,4.0,1.0,0.0,0.5,1.0,0.0,0.0,0.0,0.0,False,False,False,True,False,False,214,0,0,0.0,1,22244,32.5,1.0,11321.0,False,True,False,False,False,False,False,False,False,True,False,False,False,False,False,False,True,False,True,False,False,False,True,False,True
A-bf7919,Company_426,2024-11-27,3,False,False,236,6,1,0,0,3,1560,735,260.0,0.667,22,0,0.16666666666666666,0,26,23,1291.0,14,0.154,10.08,0.5385,0.575,2.0,14.5,81.5,4.5,0.0,0.0,0.0,2.0,0.0,1.0,0.0,0.0,False,False,True,False,False,False,241,0,0,0.0,1,825,8.67,0.667,520.0,False,False,False,False,True,False,False,False,False,False,False,True,False,False,True,False,False,False,False,True,False,True,False,True,False
A-1d5444,Company_427,2024-01-18,24,False,True,550,14,0,2,0,2,30958,8159,2211.3,0.714,489,0,0.0,2,59,28,3033.8,35,0.102,10.03,0.5932,0.7,2.0,30.0,62.5,4.0,0.0,0.0,0.0,1.0,0.0,0.0,0.0,0.0,False,False,False,False,True,False,212,0,0,0.0,1,30958,2.46,0.083,1289.9,True,False,False,False,False,False,False,False,False,False,False,True,False,False,False,False,True,True,False,False,True,False,False,True,False
A-0f3e88,Company_428,2023-07-23,7,False,True,729,11,1,2,0,1,5624,2189,511.3,0.727,506,343,0.09090909090909091,2,59,32,2943.8,28,0.102,10.14,0.4746,0.8,3.0,48.0,67.0,4.33,0.0,0.333,0.0,1.0,0.0,0.0,0.0,0.0,True,False,False,False,False,False,204,0,0,0.0,1,5281,8.43,0.429,803.4,False,False,False,False,True,False,False,False,False,False,False,True,False,False,False,True,False,True,False,False,False,False,True,False,True
A-7641d3,Company_429,2023-02-16,8,True,True,886,11,0,0,1,2,12060,2989,1096.4,0.727,831,190,0.0,-1,50,28,2745.9,26,0.08,10.38,0.52,0.7,5.0,45.2,124.6,4.2,2.0,0.4,0.4,2.0,0.0,0.0,1.0,131.4,False,False,False,False,True,False,209,0,0,0.0,1,12060,6.25,0.625,1507.5,False,False,True,False,False,False,False,False,False,False,False,True,False,False,False,False,True,False,False,True,True,False,False,True,False
A-cd458b,Company_430,2024-06-15,10,True,False,401,15,1,0,1,0,43291,9353,2886.1,0.867,64,1990,0.06666666666666667,-1,84,34,4443.7,45,0.024,10.29,0.5357,0.85,5.0,38.4,81.2,4.6,0.0,0.8,0.0,1.0,0.0,0.0,0.0,0.0,True,False,False,False,False,False,202,0,0,0.0,1,42740,8.4,0.5,4329.1,False,True,False,False,False,False,False,False,False,False,False,True,False,False,False,True,False,True,False,False,False,True,False,False,True
A-c16b88,Company_431,2023-12-02,23,False,False,597,9,1,2,0,3,20338,8955,2259.8,0.667,125,4577,0.1111111111111111,2,48,28,2582.6,24,0.125,9.52,0.5,0.7,3.0,48.3,137.7,3.67,0.0,0.0,0.0,1.0,0.0,0.0,1.0,0.0,False,True,False,False,False,False,244,0,0,0.0,1,20338,2.09,0.13,884.3,False,False,False,False,True,False,False,False,False,False,False,True,False,True,False,False,False,False,True,False,False,True,False,True,False
A-59f724,Company_432,2023-11-03,3,True,False,626,12,0,2,0,3,9773,4378,814.4,0.75,567,342,0.0,2,68,33,3694.8,47,0.088,10.24,0.6912,0.825,4.0,19.2,94.5,4.25,0.0,0.5,0.0,0.0,0.0,0.0,0.0,0.0,0,0,0,0,0,0,226,0,0,0.0,1,9773,22.67,1.333,3257.7,False,False,False,False,True,False,False,False,False,False,False,True,False,False,False,True,False,False,True,False,True,False,False,False,True
A-87aa7b,Company_433,2024-05-16,24,True,False,431,16,0,4,2,2,22881,4776,1430.1,0.812,425,2499,0.0,2,72,31,3509.1,35,0.083,10.31,0.4861,0.775,3.0,27.3,72.7,4.0,1.0,0.333,0.333,3.0,0.0,1.0,1.0,136.0,True,False,False,False,False,False,207,0,0,0.0,1,22881,3.0,0.125,953.4,False,False,False,False,True,False,False,False,False,False,False,True,False,False,True,False,False,False,False,True,False,False,True,False,True
A-1e6fc3,Company_434,2023-12-06,1,False,False,593,4,1,0,0,2,444,245,111.0,1.0,82,199,0.25,0,26,19,1421.2,19,0.038,9.38,0.7308,0.475,5.0,23.8,88.6,3.8,0.0,0.2,0.0,1.0,0.0,0.0,0.0,0.0,False,False,False,True,False,False,290,0,0,0.0,1,444,26.0,5.0,444.0,False,False,True,False,False,False,False,False,True,False,False,False,False,False,False,True,False,False,False,True,False,True,False,True,False
A-39ddf4,Company_435,2024-12-05,40,False,False,228,9,1,0,0,0,35836,7960,3981.8,0.778,22,7960,0.1111111111111111,0,46,27,2327.6,36,0.13,9.89,0.7826,0.675,5.0,23.0,76.2,4.2,0.0,0.0,0.0,1.0,0.0,0.0,0.0,0.0,False,False,False,False,True,False,218,0,0,0.0,1,33876,1.15,0.125,895.9,False,False,True,False,False,False,False,False,False,False,False,True,False,False,False,False,True,False,True,False,False,True,False,False,True
A-34ea2f,Company_436,2024-08-15,8,False,True,340,12,2,3,0,3,14583,4179,1215.2,0.667,106,3184,0.16666666666666666,3,57,29,2919.3,30,0.053,9.65,0.5263,0.725,8.0,35.2,65.6,3.88,0.0,0.375,0.0,2.0,0.0,0.0,1.0,1.85,False,False,False,False,False,True,206,0,0,0.0,1,10404,7.12,1.0,1822.9,False,False,False,False,True,False,False,False,False,False,False,True,False,False,True,False,False,False,True,False,False,True,False,True,False
A-716841,Company_437,2024-05-06,45,False,False,441,8,0,0,0,2,26234,8955,3279.2,1.0,434,8955,0.0,0,34,26,1852.7,13,0.029,10.12,0.3824,0.65,5.0,29.8,112.8,4.0,0.0,0.0,0.0,1.0,0.0,0.0,0.0,0.0,False,False,False,False,False,True,213,0,0,0.0,1,26234,0.76,0.111,583.0,False,False,False,True,False,False,False,False,False,False,False,True,False,False,False,True,False,False,False,True,False,True,False,False,True
A-558c72,Company_438,2023-06-01,12,False,False,781,7,1,1,0,0,9171,2985,1310.1,0.857,236,735,0.14285714285714285,1,30,19,1392.3,16,0.133,9.87,0.5333,0.475,4.0,64.2,79.2,4.25,1.0,0.25,0.25,1.0,0.0,0.0,0.0,43.01,False,False,False,False,True,False,219,0,0,0.0,1,6783,2.5,0.333,764.2,False,False,False,True,False,False,False,False,False,False,False,True,False,False,True,False,False,True,False,False,False,False,True,True,False
A-b11cd0,Company_439,2023-01-20,26,True,True,913,6,2,0,0,2,4806,1764,801.0,1.0,615,1274,0.3333333333333333,0,29,21,1428.5,16,0.034,9.59,0.5517,0.525,4.0,38.5,140.8,4.0,0.0,0.0,0.0,0.0,0.0,0.0,0.0,0.0,0,0,0,0,0,0,212,0,0,0.0,1,4312,1.12,0.154,184.8,False,True,False,False,False,False,False,False,False,False,False,True,True,False,False,False,False,False,False,True,False,False,True,True,False
A-cc1d8d,Company_440,2024-12-08,5,False,False,225,13,0,1,1,3,8947,1596,688.2,0.846,225,1194,0.0,0,63,33,3406.1,48,0.175,9.81,0.7619,0.825,5.0,30.2,99.2,4.2,0.0,0.0,0.0,2.0,0.0,0.0,0.0,217.22,False,False,True,False,False,False,218,0,0,0.0,1,8947,12.6,1.0,1789.4,False,False,False,True,False,False,False,False,False,False,False,True,False,False,False,True,False,False,False,True,False,True,False,True,False
A-7f4db3,Company_441,2023-03-05,4,False,False,869,15,3,0,1,4,26276,8955,1751.7,0.867,644,4776,0.2,-1,90,36,4633.3,46,0.067,9.38,0.5111,0.9,5.0,16.6,91.4,3.4,1.0,0.2,0.2,1.0,0.0,0.0,1.0,0.0,False,False,False,False,True,False,213,0,0,0.0,1,21304,22.5,1.25,6569.0,False,False,False,True,False,False,False,False,False,False,False,True,False,False,False,True,False,False,False,True,False,True,False,True,False
A-db5e9e,Company_442,2024-11-09,4,False,False,254,8,1,0,1,2,9251,3383,1156.4,0.75,46,588,0.125,-1,57,29,2847.6,27,0.123,10.28,0.4737,0.725,2.0,66.0,97.5,5.0,0.0,0.0,0.0,1.0,0.0,0.0,0.0,0.0,False,False,False,True,False,False,202,0,0,0.0,1,5868,14.25,0.5,2312.8,False,True,False,False,False,False,False,False,False,False,False,True,False,False,False,False,True,True,False,False,False,False,True,True,False
A-cc102e,Company_443,2024-04-15,13,False,False,462,10,1,1,0,1,10063,2985,1006.3,0.8,144,247,0.1,1,43,26,2026.1,39,0.116,9.16,0.907,0.65,4.0,33.2,109.0,4.25,0.0,0.0,0.0,3.0,0.0,0.0,0.0,111.16,False,False,False,True,False,False,205,0,0,0.0,1,8005,3.31,0.308,774.1,False,False,False,False,True,False,False,False,False,False,False,True,False,False,False,False,True,False,True,False,True,False,False,True,False
A-82d8a6,Company_444,2024-11-28,5,False,False,235,17,4,5,2,4,27966,13532,1645.1,0.882,28,245,0.23529411764705882,3,70,32,3309.0,38,0.129,9.44,0.5429,0.8,5.0,42.2,112.0,3.8,0.0,0.2,0.0,1.0,0.0,0.0,0.0,0.0,False,False,True,False,False,False,216,0,0,0.0,1,27626,14.0,1.0,5593.2,True,False,False,False,False,False,False,False,False,False,True,False,True,False,False,False,False,True,False,False,False,False,True,True,False
A-dec005,Company_445,2023-10-13,21,False,False,647,10,1,1,0,2,30744,10746,3074.4,0.7,413,10746,0.1,1,51,31,2420.2,44,0.118,9.31,0.8627,0.775,2.0,59.0,152.0,3.5,0.0,0.0,0.0,1.0,0.0,0.0,0.0,0.0,False,False,False,False,True,False,206,0,0,0.0,1,19998,2.43,0.095,1464.0,False,False,False,False,True,False,False,False,False,False,False,True,False,False,False,False,True,False,False,True,False,True,False,True,False
A-5790f4,Company_446,2024-12-22,1,True,False,211,6,1,0,0,1,18926,12537,3154.3,0.5,7,627,0.16666666666666666,0,35,25,1598.1,26,0.057,9.17,0.7429,0.625,4.0,44.0,57.2,4.0,1.0,0.25,0.25,3.0,0.0,0.0,1.0,444.1,False,True,False,False,False,False,224,0,0,0.0,1,17334,35.0,4.0,18926.0,False,False,False,True,False,False,False,False,False,False,True,False,False,True,False,False,False,False,False,True,True,False,False,False,True
A-7c83a1,Company_447,2024-05-06,12,False,False,441,12,3,0,1,2,16731,5174,1394.2,0.917,204,1176,0.25,-1,62,29,3391.8,23,0.065,10.19,0.371,0.725,4.0,42.0,86.2,4.0,0.0,0.0,0.0,1.0,0.0,0.0,1.0,0.0,False,False,False,False,False,True,202,0,0,0.0,1,10741,5.17,0.333,1394.2,True,False,False,False,False,False,False,False,False,False,False,True,False,False,False,False,True,False,False,True,False,False,True,False,True
A-297a2d,Company_448,2023-05-05,27,False,False,808,5,0,3,0,1,14373,7164,2874.6,0.8,706,5373,0.0,3,25,23,1173.5,22,0.24,9.76,0.88,0.575,2.0,32.5,84.5,3.5,0.0,0.0,0.0,0.0,0.0,0.0,0.0,0.0,0,0,0,0,0,0,249,0,0,0.0,1,14373,0.93,0.074,532.3,False,False,False,False,True,False,False,False,False,False,True,False,False,True,False,False,False,False,False,True,False,True,False,True,False
A-4c56c9,Company_449,2023-12-20,9,False,True,579,13,3,0,0,2,30471,9751,2343.9,0.769,204,342,0.23076923076923078,0,64,34,3265.4,38,0.109,9.73,0.5938,0.85,5.0,38.6,68.2,3.8,0.0,0.0,0.0,1.0,0.0,0.0,1.0,44.23,True,False,False,False,False,False,225,0,0,0.0,1,16256,7.11,0.556,3385.7,False,False,False,True,False,False,False,False,False,False,False,True,False,False,False,False,True,False,True,False,True,False,False,True,False
A-cbbe12,Company_450,2023-03-22,40,False,False,852,6,2,1,1,2,13081,7960,2180.2,0.833,460,7960,0.3333333333333333,0,22,14,833.0,10,0.0,8.09,0.4545,0.35,6.0,38.0,74.5,4.17,0.0,0.333,0.0,0.0,0.0,0.0,0.0,0.0,0,0,0,0,0,0,231,0,0,0.0,1,12321,0.55,0.15,327.0,True,False,False,False,False,False,False,True,False,False,False,False,False,False,False,False,True,False,True,False,False,True,False,False,True
A-4a267b,Company_451,2024-05-05,25,False,False,442,10,2,1,1,2,29687,12537,2968.7,0.9,229,0,0.2,0,50,31,2516.4,22,0.14,9.96,0.44,0.775,4.0,16.2,105.0,4.25,0.0,0.25,0.0,1.0,0.0,0.0,0.0,64.54,False,False,False,False,True,False,238,0,0,0.0,1,22458,2.0,0.16,1187.5,False,False,False,True,False,False,False,False,False,False,False,True,False,False,False,True,False,False,False,True,False,False,True,True,False
A-bcbe98,Company_452,2024-07-29,46,False,False,357,11,0,2,1,2,21666,9154,1969.6,0.818,357,874,0.0,1,65,34,2893.6,43,0.185,9.77,0.6615,0.85,7.0,38.3,61.6,4.0,1.0,0.429,0.143,1.0,0.0,0.0,0.0,0.0,False,True,False,False,False,False,219,0,0,0.0,1,21666,1.41,0.152,471.0,True,False,False,False,False,False,False,False,False,False,False,True,False,False,False,True,False,False,True,False,True,False,False,False,True
A-427b69,Company_453,2024-08-23,17,False,False,332,10,1,0,0,2,19958,6766,1995.8,0.7,93,323,0.1,0,70,32,3596.7,36,0.157,9.97,0.5143,0.8,2.0,31.5,109.5,3.5,0.0,0.5,0.0,0.0,0.0,0.0,0.0,0.0,0,0,0,0,0,0,206,0,0,0.0,1,18194,4.12,0.118,1174.0,False,False,False,True,False,False,False,False,False,False,False,True,False,False,False,True,False,True,False,False,True,False,False,False,True
A-0be015,Company_454,2024-10-15,19,False,False,279,5,1,0,0,2,1178,456,235.6,0.6,22,0,0.2,0,28,19,1470.1,13,0.107,10.61,0.4643,0.475,7.0,40.3,84.9,4.14,1.0,0.286,0.143,1.0,0.0,0.0,0.0,74.68,False,False,False,False,False,True,271,0,0,0.0,1,817,1.47,0.368,62.0,False,False,False,True,False,False,False,False,False,False,False,True,False,True,False,False,False,False,False,True,True,False,False,False,True
A-054577,Company_455,2024-04-28,2,False,False,449,16,1,1,1,1,44601,16915,2787.6,0.875,216,392,0.0625,0,85,36,3662.4,52,0.118,9.8,0.6118,0.9,1.0,46.0,70.0,4.0,0.0,1.0,0.0,0.0,0.0,0.0,0.0,0.0,0,0,0,0,0,0,202,0,0,0.0,1,44145,42.5,0.5,22300.5,False,False,True,False,False,False,False,False,False,False,True,False,True,False,False,False,False,True,False,False,False,False,True,False,True
A-bc87bc,Company_456,2024-07-17,3,False,False,369,8,2,0,0,1,12032,6169,1504.0,1.0,95,152,0.25,0,36,24,2252.7,14,0.083,10.94,0.3889,0.6,7.0,40.6,112.0,3.86,0.0,0.143,0.0,0.0,0.0,0.0,0.0,0.0,0,0,0,0,0,0,212,0,0,0.0,1,11690,12.0,2.333,4010.7,False,False,False,True,False,False,False,False,False,False,False,True,False,True,False,False,False,False,False,True,True,False,False,False,True
A-0f7d77,Company_457,2024-10-28,3,False,False,266,6,1,0,0,1,2326,1393,387.7,0.5,50,133,0.16666666666666666,0,30,23,1565.6,19,0.033,9.93,0.6333,0.575,5.0,27.2,74.6,4.4,0.0,0.0,0.0,1.0,1.0,0.0,0.0,0.0,False,True,False,False,False,False,203,0,0,0.0,1,2326,10.0,1.667,775.3,False,False,False,True,False,False,False,False,False,True,False,False,False,False,False,False,True,False,False,True,True,False,False,True,False
A-e7beab,Company_458,2023-10-20,5,False,False,640,7,3,0,0,1,11332,4179,1618.9,1.0,433,245,0.42857142857142855,0,36,22,2184.6,17,0.056,10.36,0.4722,0.55,6.0,36.7,124.7,4.0,0.0,0.0,0.0,1.0,0.0,1.0,0.0,0.0,False,False,True,False,False,False,281,0,0,0.0,1,5913,7.2,1.2,2266.4,False,False,True,False,False,False,False,True,False,False,False,False,False,False,True,False,False,False,True,False,False,False,True,False,True
A-a09355,Company_459,2024-08-10,14,False,False,345,16,1,0,1,1,34140,6567,2133.8,0.875,94,686,0.0625,-1,78,33,3617.7,47,0.103,10.1,0.6026,0.825,5.0,32.6,66.6,4.0,0.0,0.6,0.0,2.0,0.0,0.0,1.0,135.11,False,False,False,False,True,False,202,0,0,0.0,1,33454,5.57,0.357,2438.6,False,False,False,True,False,False,False,False,False,False,False,True,False,False,True,False,False,True,False,False,False,False,True,False,True
A-31ab9a,Company_460,2024-03-03,3,False,False,505,7,0,0,0,1,15802,5771,2257.4,0.857,485,2786,0.0,0,34,19,2165.3,23,0.118,10.0,0.6765,0.475,7.0,43.1,67.7,3.71,0.0,0.286,0.0,2.0,1.0,0.0,0.0,0.0,True,False,False,False,False,False,232,0,0,0.0,1,15802,11.33,2.333,5267.3,False,False,False,True,False,False,False,True,False,False,False,False,False,False,True,False,False,False,False,True,False,True,False,False,True
A-0158bb,Company_461,2024-05-22,5,False,False,425,6,0,1,0,2,4070,2205,678.3,0.833,417,2205,0.0,1,36,19,2034.2,22,0.083,10.11,0.6111,0.475,1.0,32.0,50.0,3.0,0.0,1.0,0.0,0.0,0.0,0.0,0.0,0.0,0,0,0,0,0,0,205,0,0,0.0,1,4070,7.2,0.2,814.0,False,False,False,True,False,False,False,True,False,False,False,False,False,False,False,False,True,True,False,False,False,False,True,True,False
A-f19b24,Company_462,2023-01-10,29,True,False,923,3,0,0,0,0,2523,1421,841.0,1.0,491,551,0.0,0,12,12,766.9,10,0.0,9.92,0.8333,0.3,2.0,35.5,74.0,4.0,1.0,0.5,0.5,0.0,0.0,0.0,0.0,0.0,0,0,0,0,0,0,260,0,0,0.0,1,2523,0.41,0.069,87.0,True,False,False,False,False,False,False,False,False,False,False,True,False,False,True,False,False,False,False,True,True,False,False,False,True
A-798a3f,Company_463,2023-10-19,12,False,True,641,9,2,1,0,2,14152,5174,1572.4,0.778,321,2587,0.2222222222222222,1,37,19,1752.4,19,0.081,9.51,0.5135,0.475,5.0,33.0,45.2,4.0,0.0,0.6,0.0,1.0,0.0,0.0,0.0,0.0,False,False,False,False,True,False,232,0,0,0.0,1,13563,3.08,0.417,1179.3,False,True,False,False,False,False,False,False,True,False,False,False,False,False,False,True,False,False,True,False,False,True,False,False,True
A-42b791,Company_464,2024-05-20,3,False,False,427,7,1,0,0,0,19060,14925,2722.9,0.571,167,380,0.14285714285714285,0,32,19,1411.6,6,0.062,9.75,0.1875,0.475,3.0,33.7,72.0,4.0,0.0,0.333,0.0,0.0,0.0,0.0,0.0,0.0,0,0,0,0,0,0,213,0,0,0.0,1,18547,10.67,1.0,6353.3,False,False,False,True,False,True,False,False,False,False,False,False,False,True,False,False,False,False,False,True,True,False,False,False,True
A-068fc6,Company_465,2023-07-17,35,False,False,735,10,1,1,0,1,29085,6965,2908.5,0.9,424,6965,0.1,1,59,32,3150.6,29,0.085,10.14,0.4915,0.8,5.0,38.8,121.4,4.2,0.0,0.8,0.0,0.0,0.0,0.0,0.0,0.0,0,0,0,0,0,0,204,0,0,0.0,1,22120,1.69,0.143,831.0,False,False,True,False,False,False,False,False,False,False,False,True,False,True,False,False,False,False,True,False,False,True,False,False,True
A-6f50ae,Company_466,2023-09-21,19,False,True,669,14,0,0,1,2,26608,9950,1900.6,0.643,618,3781,0.0,-1,83,35,4000.2,48,0.06,9.77,0.5783,0.875,5.0,31.0,87.4,4.4,0.0,0.2,0.0,2.0,1.0,0.0,0.0,0.0,False,False,True,False,False,False,211,0,0,0.0,1,26608,4.37,0.263,1400.4,False,False,False,True,False,False,False,False,False,False,False,True,False,False,False,False,True,False,False,True,False,True,False,False,True
A-a2485e,Company_467,2024-08-04,3,True,False,351,6,0,0,1,0,8775,3383,1462.5,0.667,347,3383,0.0,-1,28,22,1710.8,13,0.179,11.32,0.4643,0.55,0.0,0.0,0.0,0.0,0.0,0.0,0.0,0.0,0.0,0.0,0.0,0.0,0,0,0,0,0,0,236,0,0,0.0,1,8775,9.33,0.0,2925.0,False,False,False,True,False,False,False,False,False,False,False,True,False,True,False,False,False,False,False,True,False,True,False,True,False
A-bb1eaa,Company_468,2024-06-11,21,False,False,405,5,0,0,1,0,10381,4179,2076.2,1.0,386,1225,0.0,-1,17,15,755.6,7,0.118,9.65,0.4118,0.375,6.0,23.5,92.3,4.17,0.0,0.667,0.0,1.0,0.0,1.0,0.0,0.0,False,False,False,True,False,False,247,0,0,0.0,1,10381,0.81,0.286,494.3,True,False,False,False,False,False,False,False,False,False,False,True,False,False,True,False,False,True,False,False,False,False,True,True,False
A-cc98bc,Company_469,2023-05-24,32,False,False,789,10,1,1,0,2,21567,6368,2156.7,0.9,454,0,0.1,1,53,29,2674.5,24,0.057,10.4,0.4528,0.725,3.0,4.7,122.3,4.0,0.0,0.333,0.0,0.0,0.0,0.0,0.0,0.0,0,0,0,0,0,0,209,0,0,0.0,1,19999,1.66,0.094,674.0,False,True,False,False,False,False,False,False,False,False,False,True,True,False,False,False,False,True,False,False,True,False,False,False,True
A-d77f4c,Company_470,2023-09-25,4,True,False,665,14,2,4,1,1,48726,18706,3480.4,0.786,421,196,0.14285714285714285,3,62,31,3034.1,32,0.097,9.95,0.5161,0.775,2.0,31.0,75.0,4.0,0.0,0.5,0.0,3.0,0.0,1.0,0.0,0.0,False,False,False,False,False,True,213,0,0,0.0,1,48378,15.5,0.5,12181.5,False,True,False,False,False,False,False,False,False,False,False,True,False,False,False,False,True,False,False,True,False,False,True,True,False
A-ccabf0,Company_471,2023-11-06,1,False,False,623,10,2,0,1,1,22379,11741,2237.9,0.9,393,0,0.2,-1,50,31,2818.1,29,0.16,10.12,0.58,0.775,4.0,46.2,89.8,3.75,0.0,0.0,0.0,2.0,0.0,0.0,1.0,0.0,False,True,False,False,False,False,203,0,0,0.0,1,22281,50.0,4.0,22379.0,False,False,False,False,True,False,False,False,False,True,False,False,False,False,True,False,False,False,False,True,True,False,False,True,False
A-700ade,Company_472,2024-10-31,1,True,False,263,8,2,0,0,0,16875,9552,2109.4,0.625,54,950,0.25,0,29,20,1423.0,18,0.069,9.79,0.6207,0.5,4.0,30.2,53.5,4.5,0.0,0.75,0.0,0.0,0.0,0.0,0.0,0.0,0,0,0,0,0,0,282,0,0,0.0,1,13859,29.0,4.0,16875.0,True,False,False,False,False,False,False,False,False,False,True,False,False,False,True,False,False,False,True,False,True,False,False,False,True
A-4a4c2d,Company_473,2023-05-02,54,False,False,811,13,1,1,1,2,33966,10746,2612.8,0.769,206,2646,0.07692307692307693,0,59,28,2736.8,37,0.017,9.95,0.6271,0.7,5.0,42.0,104.0,4.2,0.0,0.0,0.0,0.0,0.0,0.0,0.0,0.0,0,0,0,0,0,0,205,0,0,0.0,1,32940,1.09,0.093,629.0,False,True,False,False,False,False,False,False,False,False,False,True,False,True,False,False,False,False,True,False,False,False,True,False,True
A-b7ef83,Company_474,2024-05-29,1,True,False,418,15,1,2,0,0,35868,8955,2391.2,0.667,181,588,0.06666666666666667,2,72,34,3613.0,39,0.111,10.25,0.5417,0.85,2.0,47.5,79.0,4.0,0.0,0.5,0.0,2.0,1.0,0.0,1.0,60.25,True,False,False,False,False,False,208,0,0,0.0,1,26913,72.0,2.0,35868.0,True,False,False,False,False,False,False,False,False,False,True,False,False,False,False,False,True,False,False,True,False,False,True,False,True
A-e08cd3,Company_475,2024-09-21,67,True,False,303,11,1,0,1,1,71020,13333,6456.4,0.636,82,1273,0.09090909090909091,-1,43,30,2301.1,21,0.163,10.05,0.4884,0.75,8.0,30.4,93.0,4.0,0.0,0.375,0.0,2.0,0.0,0.0,0.0,0.0,False,True,False,False,False,False,203,0,0,0.0,1,67737,0.64,0.119,1060.0,False,False,False,True,False,False,False,False,False,False,False,True,True,False,False,False,False,False,False,True,True,False,False,True,False
A-19b2c8,Company_476,2023-06-06,20,False,False,776,13,0,1,0,1,26703,5572,2054.1,0.692,763,3980,0.0,1,63,31,3140.0,34,0.063,9.54,0.5397,0.775,3.0,29.3,90.0,4.67,0.0,0.0,0.0,1.0,0.0,0.0,0.0,0.0,False,False,False,True,False,False,203,0,0,0.0,1,26703,3.15,0.15,1335.2,False,True,False,False,False,False,False,False,False,True,False,False,False,False,False,True,False,False,False,True,False,True,False,False,True
A-970c97,Company_477,2024-03-01,14,False,False,507,8,1,0,1,0,15381,5572,1922.6,0.5,290,931,0.125,-1,44,26,2228.9,24,0.045,10.09,0.5455,0.65,1.0,61.0,139.0,5.0,0.0,1.0,0.0,0.0,0.0,0.0,0.0,0.0,0,0,0,0,0,0,203,0,0,0.0,1,14868,3.14,0.071,1098.6,False,False,False,False,True,False,False,True,False,False,False,False,False,False,False,True,False,False,True,False,False,False,True,True,False
A-6dee43,Company_478,2023-08-12,3,True,False,709,11,1,1,0,2,22770,15920,2070.0,0.727,367,0,0.09090909090909091,1,48,28,2375.6,11,0.042,9.6,0.2292,0.7,5.0,44.2,48.8,4.2,0.0,0.6,0.0,1.0,0.0,0.0,0.0,143.8,False,False,False,True,False,False,245,0,0,0.0,1,20075,16.0,1.667,7590.0,False,False,False,True,False,False,False,False,False,False,True,False,False,False,False,True,False,True,False,False,False,False,True,True,False
A-5ed98d,Company_479,2024-06-22,24,False,False,394,8,0,1,0,1,15478,4776,1934.8,0.875,388,0,0.0,1,32,23,1505.2,18,0.062,9.75,0.5625,0.575,5.0,35.8,91.8,4.2,0.0,0.4,0.0,2.0,0.0,1.0,0.0,0.0,False,True,False,False,False,False,218,0,0,0.0,1,15478,1.33,0.208,644.9,False,True,False,False,False,False,False,False,False,False,False,True,False,False,False,False,True,True,False,False,True,False,False,True,False
A-c58f49,Company_480,2024-07-31,70,True,False,355,7,0,1,0,1,70980,13930,10140.0,1.0,345,13930,0.0,1,38,24,1809.0,22,0.079,9.55,0.5789,0.6,3.0,36.3,60.0,4.33,1.0,0.667,0.333,3.0,0.0,1.0,1.0,159.96,False,True,False,False,False,False,224,0,0,0.0,1,70980,0.54,0.043,1014.0,False,False,True,False,False,False,False,False,False,False,False,True,False,False,False,True,False,False,True,False,False,True,False,True,False
A-9c18c4,Company_481,2023-07-27,11,False,True,725,10,2,3,0,1,17823,3781,1782.3,0.9,432,2189,0.2,3,56,30,2974.2,37,0.071,9.93,0.6607,0.75,4.0,42.2,130.2,4.0,0.0,0.25,0.0,0.0,0.0,0.0,0.0,0.0,0,0,0,0,0,0,220,0,0,0.0,1,13814,5.09,0.364,1620.3,False,False,False,False,True,False,False,False,False,False,False,True,True,False,False,False,False,False,False,True,False,True,False,False,True
A-cc8c8f,Company_482,2024-06-16,23,False,False,400,7,1,1,1,2,15600,5572,2228.6,0.857,76,0,0.14285714285714285,0,28,20,1116.4,18,0.036,9.57,0.6429,0.5,2.0,14.5,123.0,3.5,0.0,1.0,0.0,1.0,0.0,0.0,1.0,0.0,True,False,False,False,False,False,242,0,0,0.0,1,15600,1.22,0.087,678.3,False,True,False,False,False,False,False,False,False,False,False,True,True,False,False,False,False,False,True,False,True,False,False,True,False
A-5f7781,Company_483,2024-08-20,22,False,False,335,5,0,1,0,1,10252,4378,2050.4,0.8,328,1078,0.0,1,18,16,1158.4,10,0.111,10.17,0.5556,0.4,2.0,28.5,42.0,4.0,0.0,0.0,0.0,1.0,0.0,0.0,0.0,0.0,False,False,False,True,False,False,208,0,0,0.0,1,10252,0.82,0.091,466.0,False,True,False,False,False,False,False,False,False,False,False,True,False,False,False,True,False,False,False,True,False,False,True,True,False
A-e1b9cd,Company_484,2023-02-26,40,False,True,876,15,3,0,3,1,37042,7960,2469.5,0.667,624,1960,0.2,-3,80,34,4060.3,47,0.112,10.5,0.5875,0.85,1.0,35.0,115.0,3.0,0.0,0.0,0.0,1.0,0.0,0.0,0.0,0.0,False,False,False,False,False,True,221,0,0,0.0,1,26362,2.0,0.025,926.0,False,True,False,False,False,False,False,False,False,False,False,True,False,True,False,False,False,False,False,True,False,False,True,False,True
A-ac85cd,Company_485,2024-07-31,53,False,False,355,12,3,1,2,1,41267,12139,3438.9,0.917,138,4165,0.25,-1,63,30,2933.4,29,0.079,10.06,0.4603,0.75,3.0,33.7,76.3,3.67,0.0,0.0,0.0,2.0,1.0,0.0,0.0,186.33,False,False,True,False,False,False,236,0,0,0.0,1,37663,1.19,0.057,778.6,False,False,True,False,False,False,False,False,False,False,False,True,False,False,False,False,True,False,True,False,False,False,True,True,False
A-d792a6,Company_486,2023-01-23,4,False,False,910,15,1,1,1,4,23049,12935,1536.6,0.933,392,12935,0.06666666666666667,0,68,32,3389.9,40,0.103,10.15,0.5882,0.8,5.0,40.6,97.8,4.0,0.0,0.4,0.0,2.0,0.0,0.0,0.0,0.0,False,True,False,False,False,False,202,0,0,0.0,1,22954,17.0,1.25,5762.2,False,True,False,False,False,False,False,False,False,False,False,True,False,False,True,False,False,False,True,False,False,True,False,True,False
A-ac9111,Company_487,2023-08-12,21,True,False,709,16,2,0,1,2,26626,6368,1664.1,0.875,288,4179,0.125,-1,83,36,4238.8,46,0.12,9.73,0.5542,0.9,3.0,24.7,89.7,4.33,0.0,0.667,0.0,1.0,0.0,0.0,1.0,0.0,True,False,False,False,False,False,206,0,0,0.0,1,25828,3.95,0.143,1267.9,False,False,False,False,True,False,False,False,False,False,False,True,False,True,False,False,False,False,False,True,False,True,False,False,True
A-18793f,Company_488,2024-12-18,148,True,False,215,11,1,1,0,2,78588,29452,7144.4,0.818,10,0,0.09090909090909091,1,48,30,2805.2,20,0.083,10.12,0.4167,0.75,5.0,45.2,101.6,3.8,0.0,0.0,0.0,1.0,0.0,0.0,1.0,25.41,False,False,False,False,True,False,221,0,0,0.0,1,75776,0.32,0.034,531.0,False,False,True,False,False,False,False,False,False,False,False,True,False,False,True,False,False,True,False,False,True,False,False,False,True
A-9f0b68,Company_489,2024-04-28,10,False,False,449,12,0,2,1,1,28518,6766,2376.5,0.75,430,0,0.0,1,70,36,3235.4,33,0.171,10.13,0.4714,0.9,3.0,30.3,96.3,3.67,0.0,0.333,0.0,2.0,0.0,0.0,1.0,0.0,False,False,True,False,False,False,206,0,0,0.0,1,28518,7.0,0.3,2851.8,False,False,True,False,False,False,False,False,False,False,False,True,True,False,False,False,False,True,False,False,False,False,True,True,False
A-d3c88e,Company_490,2024-10-18,16,False,False,276,13,0,3,0,2,26183,9353,2014.1,0.692,271,3184,0.0,3,64,33,3408.0,48,0.172,10.06,0.75,0.825,3.0,58.0,48.0,4.0,0.0,0.333,0.0,1.0,0.0,0.0,0.0,0.0,False,False,False,False,True,False,212,0,0,0.0,1,26183,4.0,0.188,1636.4,False,True,False,False,False,False,False,False,False,False,False,True,False,True,False,False,False,False,False,True,False,True,False,False,True
A-ccb686,Company_491,2024-01-22,10,False,False,546,12,1,4,1,2,21541,10547,1795.1,0.667,251,209,0.08333333333333333,3,70,35,3397.5,46,0.114,10.3,0.6571,0.875,1.0,67.0,30.0,4.0,0.0,0.0,0.0,3.0,0.0,0.0,1.0,25.92,True,False,False,False,False,False,205,0,0,0.0,1,21351,7.0,0.1,2154.1,False,True,False,False,False,False,False,False,False,False,False,True,False,False,False,True,False,True,False,False,True,False,False,True,False
A-118f1c,Company_492,2024-10-31,32,False,False,263,8,2,0,0,1,52160,25472,6520.0,0.625,61,6368,0.25,0,38,22,1613.6,14,0.053,9.71,0.3684,0.55,1.0,64.0,141.0,3.0,0.0,0.0,0.0,1.0,0.0,0.0,0.0,0.0,True,False,False,False,False,False,289,0,0,0.0,1,26080,1.19,0.031,1630.0,True,False,False,False,False,False,False,False,False,False,False,True,False,False,False,True,False,False,False,True,False,True,False,True,False
A-0e966d,Company_493,2024-06-25,11,False,True,391,11,1,0,0,1,12445,4577,1131.4,0.818,153,209,0.09090909090909091,0,64,31,3294.8,34,0.172,9.94,0.5312,0.775,3.0,31.7,95.3,4.33,1.0,0.0,0.333,0.0,0.0,0.0,0.0,0.0,0,0,0,0,0,0,219,0,0,0.0,1,12236,5.82,0.273,1131.4,False,False,False,True,False,False,False,False,False,True,False,False,True,False,False,False,False,True,False,False,True,False,False,True,False
A-b9f5b1,Company_494,2023-01-24,15,True,False,909,7,1,0,0,3,7072,2985,1010.3,0.714,567,2985,0.14285714285714285,0,30,21,1509.6,12,0.1,10.23,0.4,0.525,6.0,31.8,75.7,3.33,1.0,0.333,0.167,1.0,0.0,0.0,0.0,0.0,False,False,True,False,False,False,234,0,0,0.0,1,7072,2.0,0.4,471.5,True,False,False,False,False,False,False,False,False,False,False,True,False,False,False,True,False,False,False,True,False,True,False,True,False
A-8ae3fc,Company_495,2024-06-28,9,False,False,388,8,0,0,0,1,4447,1666,555.9,1.0,369,380,0.0,0,39,26,2170.7,30,0.128,10.31,0.7692,0.65,4.0,39.5,65.5,3.75,0.0,0.5,0.0,1.0,0.0,0.0,0.0,0.0,True,False,False,False,False,False,209,0,0,0.0,1,4447,4.33,0.444,494.1,False,True,False,False,False,False,True,False,False,False,False,False,True,False,False,False,False,False,False,True,True,False,False,False,True
A-55f257,Company_496,2023-12-21,9,False,False,578,10,0,3,0,3,12137,4577,1213.7,0.8,556,4179,0.0,3,53,31,2432.9,25,0.113,8.98,0.4717,0.775,6.0,43.2,114.5,4.67,0.0,0.333,0.0,0.0,0.0,0.0,0.0,0.0,0,0,0,0,0,0,202,0,0,0.0,1,12137,5.89,0.667,1348.6,False,False,False,True,False,False,False,False,False,False,False,True,False,False,True,False,False,True,False,False,False,True,False,False,True
A-d26ab4,Company_497,2024-11-07,9,False,True,256,9,1,0,1,4,16613,6567,1845.9,0.778,22,6567,0.1111111111111111,-1,46,24,2023.0,24,0.065,9.96,0.5217,0.6,2.0,49.5,110.0,4.0,0.0,0.5,0.0,1.0,0.0,0.0,0.0,86.02,False,False,False,True,False,False,224,0,0,0.0,1,15731,5.11,0.222,1845.9,False,True,False,False,False,False,False,False,False,False,True,False,False,False,True,False,False,True,False,False,False,True,False,False,True
A-712533,Company_498,2023-07-31,18,False,False,721,12,0,1,0,2,19382,3582,1615.2,0.917,708,882,0.0,1,55,32,3000.9,35,0.073,10.38,0.6364,0.8,5.0,37.4,97.2,3.8,0.0,0.0,0.0,1.0,0.0,0.0,1.0,0.0,False,False,False,False,False,True,221,0,0,0.0,1,19382,3.06,0.278,1076.8,False,False,True,False,False,False,False,False,False,False,False,True,False,False,True,False,False,False,False,True,False,False,True,False,True
A-781cc0,Company_499,2024-09-04,12,False,False,320,16,2,2,0,3,18315,4378,1144.7,0.688,81,228,0.125,2,87,31,4500.1,42,0.08,9.93,0.4828,0.775,4.0,57.5,106.0,3.75,0.0,0.0,0.0,2.0,0.0,0.0,1.0,0.0,True,False,False,False,False,False,203,0,0,0.0,1,14555,7.25,0.333,1526.2,False,False,True,False,False,False,False,False,False,False,False,True,False,False,True,False,False,False,False,True,True,False,False,True,False
